timestamp,open,high,low,close,volume,turnover
2025-06-27 10:54:09.920,107000.1,107000.1,106940.0,106949.1,59.159,6327632.6642
2025-06-27 11:00:43.136,106949.1,106998.3,106940.0,106992.3,60.4,6460956.3916
2025-06-27 11:05:05.280,106992.3,107000.0,106943.2,106970.0,39.202,4193662.7885
2025-06-27 11:09:27.424,106970.0,106970.0,106950.6,106967.1,48.039,5138406.9275
2025-06-27 11:16:00.640,106967.1,107100.0,106967.0,107023.2,190.882,20433370.1948
2025-06-27 11:20:22.784,107023.2,107074.1,106918.5,106940.0,92.881,9936623.6921
2025-06-27 11:24:44.928,106940.0,106964.9,106869.4,106869.4,96.922,10361305.0772
2025-06-27 11:29:07.072,106869.4,106923.4,106869.4,106923.3,63.734,6812404.2267
2025-06-27 11:35:40.288,106923.3,106950.0,106917.8,106938.0,81.5,8714899.0504
2025-06-27 11:40:02.432,106938.0,106950.0,106927.4,106948.7,21.748,2325719.313
2025-06-27 11:44:24.576,106948.7,106978.0,106916.7,106978.0,95.665,10230875.7129
2025-06-27 11:50:57.792,106978.0,106978.0,106867.2,106888.4,77.626,8298463.2198
2025-06-27 11:55:19.936,106888.4,106943.6,106888.3,106933.0,49.397,5281370.6563
2025-06-27 11:59:42.080,106933.0,106961.4,106880.1,106880.1,102.146,10921151.145
2025-06-27 12:04:04.224,106880.1,106976.7,106875.0,106953.9,147.896,15811934.7959
2025-06-27 12:10:37.440,106953.9,106953.9,106899.8,106919.2,97.492,10423583.8376
2025-06-27 12:14:59.584,106919.2,106931.9,106862.8,106931.9,101.678,10869857.0742
2025-06-27 12:19:21.728,106931.9,107150.0,106931.9,107103.2,435.883,46667541.63
2025-06-27 12:25:54.944,107103.2,107129.7,107100.4,107124.3,132.274,14169028.6019
2025-06-27 12:30:17.088,107124.3,107124.4,106726.5,106939.0,1126.018,120319771.2878
2025-06-27 12:34:39.232,106939.0,106969.1,106802.1,106802.2,204.996,21916620.0444
2025-06-27 12:39:01.376,106802.2,106844.9,106686.9,106708.7,791.327,84452826.6388
2025-06-27 12:45:34.592,106708.7,106785.6,106650.7,106739.9,287.031,30629469.5115
2025-06-27 12:49:56.736,106739.9,106801.4,106725.0,106750.0,177.334,18934003.3132
2025-06-27 12:54:18.880,106750.0,106750.1,106550.0,106632.4,653.189,69646775.1734
2025-06-27 13:00:52.096,106632.4,106700.0,106563.3,106700.0,259.018,27618423.745
2025-06-27 13:05:14.240,106700.0,106774.6,106650.7,106774.6,209.928,22400722.2447
2025-06-27 13:09:36.384,106774.6,106791.9,106733.9,106742.1,95.826,10230842.5064
2025-06-27 13:13:58.528,106742.1,106789.3,106704.0,106735.8,137.035,14628207.056
2025-06-27 13:20:31.744,106735.8,106740.0,106650.2,106685.6,84.438,9008493.813
2025-06-27 13:24:53.888,106685.6,106695.9,106609.5,106650.1,168.921,18016087.394
2025-06-27 13:29:16.032,106650.1,106865.6,106608.0,106800.1,484.395,51709615.6593
2025-06-27 13:35:49.248,106800.1,106947.0,106744.9,106880.1,461.713,49338044.8329
2025-06-27 13:40:11.392,106880.1,106886.8,106768.0,106804.1,170.616,18226365.3597
2025-06-27 13:44:33.536,106804.1,106804.1,106420.3,106503.9,813.996,86725215.6241
2025-06-27 13:48:55.680,106503.9,106623.8,106280.0,106614.3,948.315,100932375.2778
2025-06-27 13:55:28.896,106614.3,106783.5,106590.6,106780.0,335.764,35828431.8013
2025-06-27 13:59:51.040,106780.0,107047.5,106747.0,107000.0,797.416,85259521.5042
2025-06-27 14:04:13.184,107000.0,107047.1,106849.6,106905.6,468.518,50116948.582
2025-06-27 14:10:46.400,106905.6,106971.8,106670.0,106682.1,534.409,57089151.4694
2025-06-27 14:15:08.544,106682.1,106735.0,106470.0,106521.4,530.1,56498942.5404
2025-06-27 14:19:30.688,106521.4,106623.3,106425.0,106425.1,384.281,40935088.0334
2025-06-27 14:26:03.904,106425.1,106611.2,106358.7,106451.8,791.665,84292608.1671
2025-06-27 14:30:26.048,106451.8,106531.4,106380.0,106389.5,393.821,41923297.3744
2025-06-27 14:34:48.192,106389.5,106630.3,106330.9,106413.4,868.024,92434563.5633
2025-06-27 14:39:10.336,106413.4,106530.7,106310.2,106508.8,585.409,62293745.6368
2025-06-27 14:45:43.552,106508.8,106600.0,106485.3,106554.3,332.815,35463674.4362
2025-06-27 14:50:05.696,106554.3,106585.9,106406.3,106480.1,159.79,17017261.3554
2025-06-27 14:54:27.840,106480.1,106517.1,106381.9,106503.2,175.763,18707892.0262
2025-06-27 15:01:01.056,106503.2,106525.0,106438.3,106438.7,215.972,22998328.7628
2025-06-27 15:05:23.200,106438.7,106650.3,106438.6,106493.9,206.721,22026887.5226
2025-06-27 15:09:45.344,106493.9,106578.2,106451.2,106534.2,93.382,9946060.79
2025-06-27 15:14:07.488,106534.2,106587.7,106432.8,106587.7,125.884,13405411.6538
2025-06-27 15:20:40.704,106587.7,106653.7,106529.3,106640.7,254.327,27115326.0757
2025-06-27 15:25:02.848,106640.7,106750.0,106631.0,106738.0,191.34,20413344.7506
2025-06-27 15:29:24.992,106738.0,106842.0,106696.0,106817.0,311.053,33214686.0373
2025-06-27 15:35:58.208,106817.0,106961.0,106790.0,106961.0,362.449,38750671.0977
2025-06-27 15:40:20.352,106961.0,107197.2,106961.0,107138.0,1053.015,112796960.2041
2025-06-27 15:44:42.496,107138.0,107138.1,107000.0,107050.0,565.654,60552097.8716
2025-06-27 15:49:04.640,107050.0,107374.8,107026.7,107350.0,800.022,85775542.7426
2025-06-27 15:55:37.856,107350.0,107356.0,107233.0,107268.3,397.586,42660309.902
2025-06-27 16:00:00.000,107268.3,107271.9,107142.1,107235.2,453.024,48563991.7535
2025-06-27 16:04:22.144,107235.2,107347.5,107235.2,107280.8,447.703,48037378.8662
2025-06-27 16:10:55.360,107280.8,107294.0,107083.3,107125.0,404.329,43327189.547
2025-06-27 16:15:17.504,107125.0,107185.8,107066.7,107145.4,187.987,20139855.5473
2025-06-27 16:19:39.648,107145.4,107220.2,107050.0,107135.8,201.052,21537012.572
2025-06-27 16:24:01.792,107135.8,107283.9,107135.8,107248.6,158.853,17031641.0568
2025-06-27 16:30:35.008,107248.6,107738.1,107232.6,107491.9,1321.306,142056419.4478
2025-06-27 16:34:57.152,107491.9,107579.9,107435.4,107447.7,336.627,36187835.686
2025-06-27 16:39:19.296,107447.7,107475.0,107399.9,107410.0,269.44,28947295.7413
2025-06-27 16:45:52.512,107410.0,107433.8,107355.8,107419.9,234.91,25227120.7354
2025-06-27 16:50:14.656,107419.9,107476.0,107382.1,107408.7,175.634,18867314.5326
2025-06-27 16:54:36.800,107408.7,107519.0,107378.2,107428.1,234.979,25248136.6266
2025-06-27 16:58:58.944,107428.1,107449.0,107215.9,107216.0,430.38,46184100.0752
2025-06-27 17:05:32.160,107216.0,107234.4,107137.5,107199.9,278.005,29794037.9495
2025-06-27 17:09:54.304,107199.9,107229.6,107160.0,107160.1,112.636,12074827.5688
2025-06-27 17:14:16.448,107160.1,107235.9,107160.0,107197.3,71.093,7621093.75
2025-06-27 17:20:49.664,107197.3,107248.9,107151.7,107188.8,71.227,7636479.3231
2025-06-27 17:25:11.808,107188.8,107188.8,106909.0,106934.9,367.474,39322879.3428
2025-06-27 17:29:33.952,106934.9,107014.0,106868.6,107014.0,239.722,25630550.7966
2025-06-27 17:33:56.096,107014.0,107014.0,106850.0,106917.4,173.052,18501632.5814
2025-06-27 17:40:29.312,106917.4,106917.4,106710.5,106712.3,314.559,33598226.4134
2025-06-27 17:44:51.456,106712.3,106712.3,106402.1,106481.0,1290.163,137418954.1219
2025-06-27 17:49:13.600,106481.0,106735.0,106433.8,106710.2,792.029,84416796.2313
2025-06-27 17:55:46.816,106710.2,106869.8,106536.2,106810.3,447.494,47758376.2312
2025-06-27 18:00:08.960,106810.3,106900.0,106743.5,106752.0,392.125,41888052.5556
2025-06-27 18:04:31.104,106752.0,106942.2,106751.9,106892.2,322.177,34426895.8531
2025-06-27 18:11:04.320,106892.2,106924.2,106718.1,106742.0,189.159,20204276.3207
2025-06-27 18:15:26.464,106742.0,106872.4,106583.9,106594.4,270.991,28927962.8986
2025-06-27 18:19:48.608,106594.4,106808.2,106526.1,106755.0,264.396,28196547.7435
2025-06-27 18:24:10.752,106755.0,106789.4,106598.0,106617.7,230.487,24592645.4782
2025-06-27 18:30:43.968,106617.7,106639.8,106513.5,106566.0,249.05,26543655.8652
2025-06-27 18:35:06.112,106566.0,106595.7,106415.0,106421.9,550.055,58561358.9056
2025-06-27 18:39:28.256,106421.9,106495.1,106388.0,106485.7,648.569,69024180.5834
2025-06-27 18:46:01.472,106485.7,106584.0,106469.4,106516.6,301.959,32166468.4469
2025-06-27 18:50:23.616,106516.6,106590.0,106415.9,106536.0,234.241,24948468.3067
2025-06-27 18:54:45.760,106536.0,106660.5,106472.3,106649.6,248.369,26471476.1964
2025-06-27 18:59:07.904,106649.6,106666.7,106518.0,106653.6,610.57,65098484.2605
2025-06-27 19:05:41.120,106653.6,106784.9,106630.1,106750.0,181.588,19381581.8834
2025-06-27 19:10:03.264,106750.0,106836.3,106712.5,106795.4,186.08,19871029.7132
2025-06-27 19:14:25.408,106795.4,106802.6,106654.1,106730.0,105.851,11297529.137
2025-06-27 19:20:58.624,106730.0,106813.0,106693.9,106761.5,106.622,11382273.0319
2025-06-27 19:25:20.768,106761.5,106774.2,106687.8,106726.3,51.349,5480861.3134
2025-06-27 19:29:42.912,106726.3,106726.3,106631.7,106643.1,102.258,10907773.7076
2025-06-27 19:34:05.056,106643.1,106703.1,106634.5,106688.9,63.84,6810178.196
2025-06-27 19:40:38.272,106688.9,106768.1,106672.8,106758.0,95.335,10175097.1056
2025-06-27 19:45:00.416,106758.0,106857.2,106742.0,106823.8,183.602,19609621.9721
2025-06-27 19:49:22.560,106823.8,106961.4,106821.3,106945.6,180.977,19345446.1404
2025-06-27 19:55:55.776,106945.6,106945.6,106740.2,106741.4,199.862,21356836.0831
2025-06-27 20:00:17.920,106741.4,106861.7,106735.0,106809.2,137.531,14688192.7029
2025-06-27 20:04:40.064,106809.2,106987.0,106809.2,106977.5,202.175,21621096.4206
2025-06-27 20:09:02.208,106977.5,107041.1,106945.3,106961.0,122.534,13112375.1443
2025-06-27 20:15:35.424,106961.0,107038.6,106961.0,107000.1,74.712,7995403.1996
2025-06-27 20:19:57.568,107000.1,107000.1,106950.0,106970.0,51.527,5512105.4596
2025-06-27 20:24:19.712,106970.0,107016.0,106936.6,106975.5,59.436,6358308.2415
2025-06-27 20:30:52.928,106975.5,107042.9,106940.8,107042.7,65.293,6986040.6259
2025-06-27 20:35:15.072,107042.7,107042.7,106943.4,107002.4,81.105,8677084.632
2025-06-27 20:39:37.216,107002.4,107046.2,106977.7,107046.1,76.378,8174993.6916
2025-06-27 20:43:59.360,107046.1,107064.7,107027.0,107059.6,98.347,10528057.1835
2025-06-27 20:50:32.576,107059.6,107073.5,107010.4,107010.4,54.761,5862354.7897
2025-06-27 20:54:54.720,107010.4,107065.9,106941.5,107065.7,141.58,15152246.8518
2025-06-27 20:59:16.864,107065.7,107130.0,107056.3,107095.7,163.739,17535460.9374
2025-06-27 21:05:50.080,107095.7,107208.2,107081.8,107137.3,275.154,29481206.3301
2025-06-27 21:10:12.224,107137.3,107163.8,107113.6,107117.7,119.139,12764379.5315
2025-06-27 21:14:34.368,107117.7,107140.0,107052.7,107052.7,60.024,6428476.3515
2025-06-27 21:18:56.512,107052.7,107052.7,106990.2,106990.2,95.946,10268793.7997
2025-06-27 21:25:29.728,106990.2,107111.4,106972.5,107108.9,82.17,8797586.7599
2025-06-27 21:29:51.872,107108.9,107177.2,107048.8,107164.9,99.482,10656562.5021
2025-06-27 21:34:14.016,107164.9,107218.0,107077.7,107080.4,93.546,10023139.1194
2025-06-27 21:40:47.232,107080.4,107115.0,106999.9,107046.4,194.987,20874052.772
2025-06-27 21:45:09.376,107046.4,107100.0,107046.4,107100.0,28.301,3030372.3215
2025-06-27 21:49:31.520,107100.0,107110.0,107056.0,107056.0,71.635,7670801.8524
2025-06-27 21:56:04.736,107056.0,107056.0,106997.5,106997.5,42.408,4538523.137
2025-06-27 22:00:26.880,106997.5,107053.0,106997.5,107052.9,53.48,5724480.84
2025-06-27 22:04:49.024,107052.9,107086.7,107052.9,107086.7,47.217,5055787.9016
2025-06-27 22:09:11.168,107086.7,107103.7,107084.3,107103.6,26.395,2826647.4431
2025-06-27 22:15:44.384,107103.6,107140.4,107103.6,107123.6,35.711,3825656.5156
2025-06-27 22:20:06.528,107123.6,107123.7,107113.6,107117.6,11.983,1283566.2724
2025-06-27 22:24:28.672,107117.6,107122.0,107117.5,107121.9,14.537,1557210.0628
2025-06-27 22:31:01.888,107121.9,107122.0,107050.8,107099.9,78.136,8367537.8893
2025-06-27 22:35:24.032,107099.9,107122.3,107092.9,107115.8,34.863,3734123.9449
2025-06-27 22:39:46.176,107115.8,107118.2,107066.5,107066.5,15.726,1684172.0494
2025-06-27 22:44:08.320,107066.5,107067.3,107045.7,107066.4,16.62,1779265.7087
2025-06-27 22:50:41.536,107066.4,107070.0,107047.1,107060.1,18.264,1955326.2031
2025-06-27 22:55:03.680,107060.1,107060.1,107028.5,107050.9,30.44,3258239.0048
2025-06-27 22:59:25.824,107050.9,107118.1,106987.9,107118.1,70.075,7500660.4894
2025-06-27 23:05:59.040,107118.1,107118.2,107050.7,107073.2,32.447,3474533.8946
2025-06-27 23:10:21.184,107073.2,107098.8,107073.2,107098.7,10.22,1094334.5597
2025-06-27 23:14:43.328,107098.7,107098.8,107031.4,107059.9,60.813,6510604.5819
2025-06-27 23:19:05.472,107059.9,107060.0,106939.7,106941.3,143.999,15403522.642
2025-06-27 23:25:38.688,106941.3,107015.2,106930.0,106961.4,92.318,9875546.0413
2025-06-27 23:30:00.832,106961.4,106979.9,106930.0,106930.0,58.744,6282552.6635
2025-06-27 23:34:22.976,106930.0,106940.5,106906.0,106927.0,40.09,4286414.7913
2025-06-27 23:40:56.192,106927.0,106938.0,106927.0,106937.9,15.073,1611810.0853
2025-06-27 23:45:18.336,106937.9,106985.7,106937.9,106981.3,44.226,4730938.9696
2025-06-27 23:49:40.480,106981.3,106998.6,106978.9,106994.6,28.912,3093138.2169
2025-06-27 23:54:02.624,106994.6,107010.0,106973.5,106999.6,41.049,4392060.4514
2025-06-28 00:00:35.840,106999.6,107014.1,106864.2,106900.6,138.208,14777340.2002
2025-06-28 00:04:57.984,106900.6,106900.6,106821.9,106837.9,107.651,11502613.1044
2025-06-28 00:09:20.128,106837.9,106837.9,106811.0,106811.0,29.246,3124301.1047
2025-06-28 00:15:53.344,106811.0,106921.9,106811.0,106855.5,84.067,8983749.2358
2025-06-28 00:20:15.488,106855.5,106924.5,106855.5,106909.1,24.538,2623009.3959
2025-06-28 00:24:37.632,106909.1,106921.1,106891.1,106900.3,34.092,3644816.0221
2025-06-28 00:28:59.776,106900.3,106979.2,106880.0,106944.6,27.498,2940562.3565
2025-06-28 00:35:32.992,106944.6,106963.3,106913.7,106932.5,47.262,5053922.1232
2025-06-28 00:39:55.136,106932.5,107042.3,106932.5,107018.8,107.251,11476628.4598
2025-06-28 00:44:17.280,107018.8,107120.8,107018.7,107095.2,147.306,15773734.1401
2025-06-28 00:50:50.496,107095.2,107119.9,107037.0,107042.4,110.174,11797416.5359
2025-06-28 00:55:12.640,107042.4,107042.4,107005.0,107005.6,21.869,2340402.6142
2025-06-28 00:59:34.784,107005.6,107005.7,106927.3,106927.3,98.903,10578522.5366
2025-06-28 01:03:56.928,106927.3,106973.7,106924.1,106925.3,41.48,4436069.3568
2025-06-28 01:10:30.144,106925.3,106925.4,106859.3,106859.3,37.298,3987196.1826
2025-06-28 01:14:52.288,106859.3,106892.7,106761.0,106857.5,164.726,17596977.8757
2025-06-28 01:19:14.432,106857.5,106873.4,106834.0,106834.1,37.829,4042139.9839
2025-06-28 01:25:47.648,106834.1,106834.1,106761.0,106789.9,58.072,6202136.9285
2025-06-28 01:30:09.792,106789.9,106843.4,106789.9,106800.7,33.728,3603034.958
2025-06-28 01:34:31.936,106800.7,106855.6,106766.6,106855.6,38.049,4063423.75
2025-06-28 01:41:05.152,106855.6,106942.7,106840.5,106937.7,56.654,6056597.2061
2025-06-28 01:45:27.296,106937.7,106971.0,106937.7,106964.1,44.439,4752910.2015
2025-06-28 01:49:49.440,106964.1,106970.0,106956.7,106957.2,43.294,4630753.6632
2025-06-28 01:54:11.584,106957.2,107066.7,106957.2,107013.6,160.538,17179758.5524
2025-06-28 02:00:44.800,107013.6,107053.7,106974.8,106974.8,52.602,5629536.9391
2025-06-28 02:05:06.944,106974.8,107007.7,106958.3,107000.0,36.445,3898614.4739
2025-06-28 02:09:29.088,107000.0,107022.6,106991.1,107002.6,61.558,6587171.0916
2025-06-28 02:16:02.304,107002.6,107093.0,106983.4,107068.7,163.617,17514022.0684
2025-06-28 02:20:24.448,107068.7,107120.0,107068.6,107119.9,55.735,5969201.7184
2025-06-28 02:24:46.592,107119.9,107127.8,107105.3,107127.7,39.933,4277379.6683
2025-06-28 02:29:08.736,107127.7,107148.6,107122.3,107141.9,35.261,3777546.8128
2025-06-28 02:35:41.952,107141.9,107142.0,107092.3,107098.2,67.454,7224956.0387
2025-06-28 02:40:04.096,107098.2,107120.0,107095.2,107096.0,39.664,4248275.378
2025-06-28 02:44:26.240,107096.0,107096.1,107047.2,107060.5,46.113,4936770.8419
2025-06-28 02:50:59.456,107060.5,107060.5,107056.0,107056.1,15.497,1659086.6123
2025-06-28 02:55:21.600,107056.1,107056.1,107042.2,107042.2,24.213,2592008.2769
2025-06-28 02:59:43.744,107042.2,107060.0,107042.2,107045.3,21.629,2315487.8466
2025-06-28 03:04:05.888,107045.3,107045.4,107036.3,107036.3,14.764,1580365.5245
2025-06-28 03:10:39.104,107036.3,107050.6,107022.1,107022.1,31.513,3373174.2026
2025-06-28 03:15:01.248,107022.1,107108.2,107022.1,107108.1,29.433,3151166.5296
2025-06-28 03:19:23.392,107108.1,107136.9,107106.8,107106.9,30.436,3260404.2119
2025-06-28 03:25:56.608,107106.9,107131.0,107106.9,107120.2,66.694,7144168.0423
2025-06-28 03:30:18.752,107120.2,107165.0,107120.2,107156.8,70.854,7592112.8413
2025-06-28 03:34:40.896,107156.8,107175.0,107131.1,107131.1,46.165,4946755.2661
2025-06-28 03:39:03.040,107131.1,107165.0,107131.1,107164.9,49.546,5308658.0113
2025-06-28 03:45:36.256,107164.9,107173.1,107164.9,107165.2,21.906,2347616.7668
2025-06-28 03:49:58.400,107165.2,107222.3,107165.1,107218.1,73.631,7893013.5756
2025-06-28 03:54:20.544,107218.1,107296.5,107218.0,107241.2,151.674,16267806.4573
2025-06-28 04:00:53.760,107241.2,107260.0,107212.6,107254.0,96.205,10316860.6932
2025-06-28 04:05:15.904,107254.0,107254.1,107200.7,107211.3,81.701,8760009.2186
2025-06-28 04:09:38.048,107211.3,107211.4,107182.1,107187.6,57.498,6163360.5022
2025-06-28 04:14:00.192,107187.6,107187.6,107112.6,107140.7,150.248,16096572.43
2025-06-28 04:20:33.408,107140.7,107171.1,107140.7,107155.1,24.979,2676732.0414
2025-06-28 04:24:55.552,107155.1,107170.0,107155.1,107170.0,16.35,1752059.9581
2025-06-28 04:29:17.696,107170.0,107170.0,107124.2,107156.6,49.83,5339276.3827
2025-06-28 04:35:50.912,107156.6,107156.7,107136.2,107139.9,19.504,2089710.888
2025-06-28 04:40:13.056,107139.9,107174.9,107133.8,107133.9,73.887,7916884.2139
2025-06-28 04:44:35.200,107133.9,107145.0,107133.8,107144.9,46.962,5031675.945
2025-06-28 04:48:57.344,107144.9,107145.0,107123.9,107133.4,13.888,1487890.8327
2025-06-28 04:55:30.560,107133.4,107140.9,107128.9,107129.0,7.584,812513.2352
2025-06-28 04:59:52.704,107129.0,107273.8,107109.5,107200.5,183.201,19638701.1684
2025-06-28 05:04:14.848,107200.5,107211.5,107194.0,107211.5,70.217,7527169.8798
2025-06-28 05:10:48.064,107211.5,107252.5,107211.4,107241.8,226.157,24252629.4342
2025-06-28 05:15:10.208,107241.8,107255.0,107241.7,107250.1,88.437,9484866.6352
2025-06-28 05:19:32.352,107250.1,107257.4,107218.2,107218.2,73.416,7873213.2629
2025-06-28 05:23:54.496,107218.2,107228.0,107218.2,107218.5,79.677,8543100.0637
2025-06-28 05:30:27.712,107218.5,107229.2,107216.4,107218.0,80.047,8582947.0535
2025-06-28 05:34:49.856,107218.0,107253.9,107218.0,107253.9,55.999,6005244.1938
2025-06-28 05:39:12.000,107253.9,107253.9,107220.2,107220.6,77.244,8283328.844
2025-06-28 05:45:45.216,107220.6,107224.6,107207.1,107224.6,64.62,6928105.6271
2025-06-28 05:50:07.360,107224.6,107249.7,107224.6,107247.7,97.26,10430429.1817
2025-06-28 05:54:29.504,107247.7,107247.7,107246.1,107246.2,61.754,6622920.768
2025-06-28 06:01:02.720,107246.2,107322.0,107246.1,107298.7,233.422,25042687.8174
2025-06-28 06:05:24.864,107298.7,107332.7,107292.2,107324.0,103.013,11054864.3341
2025-06-28 06:09:47.008,107324.0,107345.8,107324.0,107336.6,171.562,18415115.4701
2025-06-28 06:14:09.152,107336.6,107346.8,107330.0,107344.0,84.29,9047309.5486
2025-06-28 06:20:42.368,107344.0,107355.0,107333.9,107354.9,45.896,4926723.1038
2025-06-28 06:25:04.512,107354.9,107394.4,107354.9,107394.4,94.299,10125602.0182
2025-06-28 06:29:26.656,107394.4,107394.4,107361.0,107361.0,128.605,13809099.4147
2025-06-28 06:35:59.872,107361.0,107384.1,107361.0,107361.0,46.898,5035237.5837
2025-06-28 06:40:22.016,107361.0,107361.1,107324.3,107349.7,54.543,5854901.6289
2025-06-28 06:44:44.160,107349.7,107350.0,107325.5,107328.7,37.035,3974997.4179
2025-06-28 06:49:06.304,107328.7,107360.0,107328.7,107351.6,37.762,4053831.6786
2025-06-28 06:55:39.520,107351.6,107378.5,107351.6,107364.5,30.496,3274339.1396
2025-06-28 07:00:01.664,107364.5,107379.5,107345.0,107345.1,42.39,4551306.1789
2025-06-28 07:04:23.808,107345.1,107350.0,107345.0,107350.0,39.734,4265315.6689
2025-06-28 07:10:57.024,107350.0,107350.0,107349.9,107350.0,14.026,1505690.215
2025-06-28 07:15:19.168,107350.0,107350.0,107349.9,107350.0,14.641,1571710.3289
2025-06-28 07:19:41.312,107350.0,107379.5,107349.9,107369.5,65.813,7065554.2594
2025-06-28 07:24:03.456,107369.5,107398.6,107358.9,107388.1,56.727,6091356.7808
2025-06-28 07:30:36.672,107388.1,107425.0,107386.1,107393.1,169.12,18164918.7045
2025-06-28 07:34:58.816,107393.1,107410.0,107393.0,107406.6,66.652,7158642.8127
2025-06-28 07:39:20.960,107406.6,107414.6,107402.0,107404.7,69.03,7414363.3144
2025-06-28 07:45:54.176,107404.7,107404.8,107383.9,107404.8,67.289,7226675.5054
2025-06-28 07:50:16.320,107404.8,107404.8,107393.2,107400.1,87.005,9344419.6284
2025-06-28 07:54:38.464,107400.1,107444.3,107400.0,107420.9,118.21,12698475.9083
2025-06-28 07:59:00.608,107420.9,107443.0,107388.0,107388.0,138.805,14910336.8985
2025-06-28 08:05:33.824,107388.0,107388.1,107335.8,107350.7,91.28,9800371.1369
2025-06-28 08:09:55.968,107350.7,107364.4,107328.5,107328.6,111.607,11980548.3889
2025-06-28 08:14:18.112,107328.6,107328.6,107307.6,107307.6,72.856,7818880.9119
2025-06-28 08:20:51.328,107307.6,107433.9,107307.5,107402.2,113.41,12177250.6074
2025-06-28 08:25:13.472,107402.2,107402.3,107365.0,107365.1,39.96,4290877.6351
2025-06-28 08:29:35.616,107365.1,107365.1,107340.4,107340.7,123.444,13251595.8249
2025-06-28 08:33:57.760,107340.7,107340.7,107320.3,107320.3,101.134,10854670.2604
2025-06-28 08:40:30.976,107320.3,107327.6,107316.6,107321.0,115.528,12398367.2958
2025-06-28 08:44:53.120,107321.0,107321.0,107300.0,107300.0,100.646,10800277.2089
2025-06-28 08:49:15.264,107300.0,107340.7,107300.0,107333.2,81.881,8787185.6778
2025-06-28 08:55:48.480,107333.2,107340.8,107329.3,107329.4,26.647,2860164.2504
2025-06-28 09:00:10.624,107329.4,107329.4,107309.8,107309.9,27.968,3001567.009
2025-06-28 09:04:32.768,107309.9,107309.9,107257.8,107271.8,210.643,22597662.8071
2025-06-28 09:08:54.912,107271.8,107271.8,107263.3,107263.4,41.822,4486177.6556
2025-06-28 09:15:28.128,107263.4,107263.4,107252.0,107252.0,112.766,12094797.475
2025-06-28 09:19:50.272,107252.0,107274.6,107252.0,107267.3,62.515,6705564.0187
2025-06-28 09:24:12.416,107267.3,107267.4,107267.3,107267.4,21.818,2340358.8626
2025-06-28 09:30:45.632,107267.4,107267.4,107266.5,107266.6,11.713,1256421.6663
2025-06-28 09:35:07.776,107266.6,107266.6,107217.6,107244.2,65.615,7036607.9901
2025-06-28 09:39:29.920,107244.2,107264.3,107234.2,107234.3,79.831,8561877.1351
2025-06-28 09:46:03.136,107234.3,107249.5,107234.2,107249.5,55.473,5948891.0822
2025-06-28 09:50:25.280,107249.5,107271.7,107249.4,107261.8,56.592,6070071.2418
2025-06-28 09:54:47.424,107261.8,107261.8,107250.9,107253.5,21.722,2329888.5018
2025-06-28 09:59:09.568,107253.5,107291.1,107253.4,107268.4,106.475,11422208.4645
2025-06-28 10:05:42.784,107268.4,107268.5,107253.2,107253.3,19.997,2144832.0026
2025-06-28 10:10:04.928,107253.3,107256.0,107253.2,107256.0,39.384,4224119.7741
2025-06-28 10:14:27.072,107256.0,107256.0,107252.0,107256.0,25.77,2763916.9686
2025-06-28 10:21:00.288,107256.0,107260.1,107248.1,107248.2,27.366,2935170.6372
2025-06-28 10:25:22.432,107248.2,107332.3,107248.1,107278.9,69.956,7506229.0996
2025-06-28 10:29:44.576,107278.9,107320.4,107278.8,107301.8,33.047,3546080.2699
2025-06-28 10:34:06.720,107301.8,107301.9,107273.5,107273.5,45.926,4927785.5326
2025-06-28 10:40:39.936,107273.5,107273.6,107202.1,107248.2,87.611,9394456.3785
2025-06-28 10:45:02.080,107248.2,107248.2,107231.3,107231.5,20.749,2225192.3689
2025-06-28 10:49:24.224,107231.5,107231.6,107208.9,107223.8,49.031,5257063.9596
2025-06-28 10:55:57.440,107223.8,107223.9,107223.8,107223.9,11.229,1204016.4976
2025-06-28 11:00:19.584,107223.9,107239.7,107223.8,107227.2,32.05,3436747.6484
2025-06-28 11:04:41.728,107227.2,107227.2,107227.1,107227.2,17.935,1923118.4705
2025-06-28 11:09:03.872,107227.2,107227.2,107227.1,107227.2,8.063,864572.4765
2025-06-28 11:15:37.088,107227.2,107238.9,107227.1,107238.9,38.284,4105253.1489
2025-06-28 11:19:59.232,107238.9,107242.1,107238.8,107242.1,12.132,1301034.0192
2025-06-28 11:24:21.376,107242.1,107242.2,107242.0,107242.1,26.763,2870119.6329
2025-06-28 11:30:54.592,107242.1,107247.0,107239.0,107239.1,41.527,4453466.3357
2025-06-28 11:35:16.736,107239.1,107289.0,107239.0,107289.0,34.783,3730951.5532
2025-06-28 11:39:38.880,107289.0,107289.0,107280.6,107280.7,9.45,1013811.8134
2025-06-28 11:44:01.024,107280.7,107290.5,107280.6,107280.8,18.491,1983829.7559
2025-06-28 11:50:34.240,107280.8,107320.0,107280.7,107320.0,31.712,3402314.4709
2025-06-28 11:54:56.384,107320.0,107327.1,107319.9,107320.0,63.606,6826460.2718
2025-06-28 11:59:18.528,107320.0,107327.1,107319.9,107324.5,23.191,2488945.5541
2025-06-28 12:05:51.744,107324.5,107324.5,107312.2,107312.2,19.095,2049264.8035
2025-06-28 12:10:13.888,107312.2,107312.3,107298.1,107298.2,15.928,1709244.0976
2025-06-28 12:14:36.032,107298.2,107298.2,107240.0,107241.3,61.481,6594345.0331
2025-06-28 12:18:58.176,107241.3,107241.4,107241.3,107241.3,14.097,1511781.0464
2025-06-28 12:25:31.392,107241.3,107241.4,107241.2,107241.3,18.406,1973883.5568
2025-06-28 12:29:53.536,107241.3,107269.6,107239.0,107269.6,24.032,2577427.7877
2025-06-28 12:34:15.680,107269.6,107269.6,107269.5,107269.6,19.159,2055177.7267
2025-06-28 12:40:48.896,107269.6,107269.6,107269.5,107269.6,12.977,1392036.7291
2025-06-28 12:45:11.040,107269.6,107269.6,107250.0,107250.1,17.112,1835515.5535
2025-06-28 12:49:33.184,107250.1,107300.0,107250.0,107299.9,27.388,2938235.3298
2025-06-28 12:53:55.328,107299.9,107300.0,107290.0,107290.1,14.198,1523337.2582
2025-06-28 13:00:28.544,107290.1,107311.9,107290.0,107301.1,52.71,5656069.1329
2025-06-28 13:04:50.688,107301.1,107303.6,107268.1,107278.5,48.819,5238186.7416
2025-06-28 13:09:12.832,107278.5,107283.9,107274.4,107274.8,68.738,7374119.8296
2025-06-28 13:15:46.048,107274.8,107274.8,107237.3,107237.4,47.163,5058465.7378
2025-06-28 13:20:08.192,107237.4,107237.4,107191.8,107194.1,112.489,12060442.6259
2025-06-28 13:24:30.336,107194.1,107201.3,107125.0,107125.0,122.58,13134482.8135
2025-06-28 13:31:03.552,107125.0,107131.1,107050.2,107076.5,208.387,22315066.3221
2025-06-28 13:35:25.696,107076.5,107080.6,107037.1,107080.6,95.372,10210011.3803
2025-06-28 13:39:47.840,107080.6,107080.6,107059.9,107062.4,93.293,9989065.1285
2025-06-28 13:44:09.984,107062.4,107073.2,107062.3,107073.2,20.593,2204896.5639
2025-06-28 13:50:43.200,107073.2,107073.2,107069.0,107069.0,35.782,3831233.1182
2025-06-28 13:55:05.344,107069.0,107069.1,107048.6,107055.1,51.954,5562151.5376
2025-06-28 13:59:27.488,107055.1,107055.1,107055.0,107055.1,43.122,4616426.9856
2025-06-28 14:06:00.704,107055.1,107069.1,107055.0,107069.1,37.771,4043796.1596
2025-06-28 14:10:22.848,107069.1,107125.8,107069.0,107125.8,111.755,11967887.1337
2025-06-28 14:14:44.992,107125.8,107131.1,107125.7,107131.1,36.448,3904616.2084
2025-06-28 14:19:07.136,107131.1,107180.6,107131.1,107180.6,63.782,6834661.0757
2025-06-28 14:25:40.352,107180.6,107206.3,107169.8,107172.1,78.242,8386341.9716
2025-06-28 14:30:02.496,107172.1,107207.0,107163.1,107163.2,37.374,4005998.8643
2025-06-28 14:34:24.640,107163.2,107182.1,107144.2,107165.2,45.578,4884054.9865
2025-06-28 14:40:57.856,107165.2,107165.3,107165.2,107165.2,15.699,1682387.0529
2025-06-28 14:45:20.000,107165.2,107165.3,107165.2,107165.3,3.74,400797.9695
2025-06-28 14:49:42.144,107165.3,107165.3,107157.9,107158.0,11.432,1225086.423
2025-06-28 14:54:04.288,107158.0,107158.0,107157.9,107157.9,4.937,529038.6747
2025-06-28 15:00:37.504,107157.9,107187.0,107157.9,107187.0,29.553,3167002.235
2025-06-28 15:04:59.648,107187.0,107190.4,107182.0,107190.4,18.653,1999369.2815
2025-06-28 15:09:21.792,107190.4,107190.4,107188.6,107188.6,13.359,1431953.3666
2025-06-28 15:15:55.008,107188.6,107188.7,107149.5,107149.5,17.774,1904875.1862
2025-06-28 15:20:17.152,107149.5,107160.1,107149.5,107160.1,16.704,1789852.6575
2025-06-28 15:24:39.296,107160.1,107160.1,107149.6,107149.7,9.979,1069323.6361
2025-06-28 15:29:01.440,107149.7,107193.4,107149.6,107193.4,17.559,1881804.4105
2025-06-28 15:35:34.656,107193.4,107216.7,107181.7,107216.7,16.383,1756220.6287
2025-06-28 15:39:56.800,107216.7,107250.8,107216.6,107250.8,69.501,7452730.2604
2025-06-28 15:44:18.944,107250.8,107305.4,107229.4,107260.0,127.771,13706804.9818
2025-06-28 15:50:52.160,107260.0,107270.6,107259.9,107270.5,15.54,1666956.831
2025-06-28 15:55:14.304,107270.5,107499.9,107270.5,107401.4,481.204,51695825.6367
2025-06-28 15:59:36.448,107401.4,107455.3,107389.2,107400.0,197.872,21257195.5979
2025-06-28 16:03:58.592,107400.0,107470.0,107400.0,107421.8,119.33,12820141.5412
2025-06-28 16:10:31.808,107421.8,107421.9,107325.5,107379.9,117.713,12637721.3944
2025-06-28 16:14:53.952,107379.9,107380.0,107327.9,107327.9,82.925,8902952.685
2025-06-28 16:19:16.096,107327.9,107328.0,107265.1,107265.3,99.841,10711188.4607
2025-06-28 16:25:49.312,107265.3,107282.7,107210.2,107282.7,77.054,8263979.4714
2025-06-28 16:30:11.456,107282.7,107407.6,107282.6,107360.0,95.751,10279718.2909
2025-06-28 16:34:33.600,107360.0,107374.3,107312.0,107312.0,50.123,5380141.8445
2025-06-28 16:38:55.744,107312.0,107312.1,107219.1,107260.0,59.139,6342641.612
2025-06-28 16:45:28.960,107260.0,107260.0,107215.2,107230.5,43.765,4693379.2021
2025-06-28 16:49:51.104,107230.5,107246.5,107225.6,107225.6,27.857,2987188.3098
2025-06-28 16:54:13.248,107225.6,107250.0,107207.8,107250.0,25.937,2781149.8221
2025-06-28 17:00:46.464,107250.0,107251.1,107249.9,107251.0,18.323,1965144.0133
2025-06-28 17:05:08.608,107251.0,107293.1,107241.0,107293.1,45.439,4874267.5309
2025-06-28 17:09:30.752,107293.1,107323.6,107288.9,107314.4,37.427,4016272.354
2025-06-28 17:16:03.968,107314.4,107314.5,107292.8,107304.2,21.194,2274091.7648
2025-06-28 17:20:26.112,107304.2,107304.2,107249.1,107289.9,35.235,3779752.6096
2025-06-28 17:24:48.256,107289.9,107290.0,107266.9,107276.8,17.17,1842052.0561
2025-06-28 17:29:10.400,107276.8,107316.0,107260.9,107315.9,47.864,5134868.4652
2025-06-28 17:35:43.616,107315.9,107342.3,107304.1,107342.3,31.008,3327866.0179
2025-06-28 17:40:05.760,107342.3,107375.7,107342.2,107352.4,47.18,5065486.7566
2025-06-28 17:44:27.904,107352.4,107450.0,107334.3,107450.0,74.53,8004118.4332
2025-06-28 17:51:01.120,107450.0,107495.3,107430.7,107430.7,168.355,18092682.3314
2025-06-28 17:55:23.264,107430.7,107444.3,107409.7,107420.5,72.07,7742242.9176
2025-06-28 17:59:45.408,107420.5,107421.2,107340.0,107345.0,50.627,5436362.3423
2025-06-28 18:04:07.552,107345.0,107367.0,107340.0,107352.8,35.924,3856443.177
2025-06-28 18:10:40.768,107352.8,107371.5,107338.2,107371.4,28.562,3066107.2702
2025-06-28 18:15:02.912,107371.4,107387.3,107335.8,107349.9,102.585,11013835.2621
2025-06-28 18:19:25.056,107349.9,107358.6,107344.7,107352.3,44.609,4789001.8413
2025-06-28 18:25:58.272,107352.3,107389.2,107292.9,107302.5,50.47,5417951.6431
2025-06-28 18:30:20.416,107302.5,107332.1,107230.3,107242.1,78.866,8459595.6846
2025-06-28 18:34:42.560,107242.1,107253.9,107242.0,107253.8,13.045,1399081.2474
2025-06-28 18:39:04.704,107253.8,107253.9,107221.5,107228.6,39.727,4259924.1776
2025-06-28 18:45:37.920,107228.6,107228.6,107210.0,107219.8,19.508,2091673.2817
2025-06-28 18:50:00.064,107219.8,107219.9,107210.0,107210.1,9.094,975004.9592
2025-06-28 18:54:22.208,107210.1,107280.6,107210.0,107280.1,103.101,11059143.4715
2025-06-28 19:00:55.424,107280.1,107281.2,107267.1,107267.2,50.967,5467603.0055
2025-06-28 19:05:17.568,107267.2,107267.2,107235.8,107246.7,45.457,4875314.6614
2025-06-28 19:09:39.712,107246.7,107271.6,107246.6,107261.7,33.138,3554485.9953
2025-06-28 19:14:01.856,107261.7,107283.3,107259.7,107283.3,41.55,4457052.234
2025-06-28 19:20:35.072,107283.3,107283.3,107247.2,107247.3,24.655,2644712.456
2025-06-28 19:24:57.216,107247.3,107247.3,107247.2,107247.3,16.689,1789849.5054
2025-06-28 19:29:19.360,107247.3,107247.3,107240.0,107240.0,26.073,2796242.6627
2025-06-28 19:35:52.576,107240.0,107240.1,107172.4,107205.5,150.602,16144227.3135
2025-06-28 19:40:14.720,107205.5,107220.0,107189.2,107196.2,36.204,3881133.6811
2025-06-28 19:44:36.864,107196.2,107196.3,107196.2,107196.3,11.291,1210352.6704
2025-06-28 19:48:59.008,107196.3,107196.3,107196.2,107196.2,16.07,1722644.2946
2025-06-28 19:55:32.224,107196.2,107196.2,107161.5,107161.6,32.705,3505027.0556
2025-06-28 19:59:54.368,107161.6,107161.7,107161.5,107161.7,26.324,2820921.5443
2025-06-28 20:04:16.512,107161.7,107161.7,107161.6,107161.6,10.475,1122518.2176
2025-06-28 20:10:49.728,107161.6,107161.7,107110.3,107135.5,112.473,12050067.5878
2025-06-28 20:15:11.872,107135.5,107157.3,107100.0,107121.2,48.474,5192887.5236
2025-06-28 20:19:34.016,107121.2,107175.1,107121.2,107175.1,49.365,5289425.6815
2025-06-28 20:23:56.160,107175.1,107178.4,107175.0,107178.4,16.078,1723176.1303
2025-06-28 20:30:29.376,107178.4,107178.4,107164.0,107164.1,17.735,1900686.8736
2025-06-28 20:34:51.520,107164.1,107164.1,107152.0,107152.1,17.982,1926957.9723
2025-06-28 20:39:13.664,107152.1,107170.5,107130.9,107131.0,19.611,2101371.9988
2025-06-28 20:45:46.880,107131.0,107148.3,107130.9,107148.3,10.445,1119026.3299
2025-06-28 20:50:09.024,107148.3,107151.6,107148.2,107151.6,9.807,1050824.1105
2025-06-28 20:54:31.168,107151.6,107151.6,107110.3,107110.3,31.463,3371017.5049
2025-06-28 21:01:04.384,107110.3,107125.3,107110.3,107125.3,26.203,2806700.1754
2025-06-28 21:05:26.528,107125.3,107171.8,107125.2,107171.1,28.324,3034814.8584
2025-06-28 21:09:48.672,107171.1,107171.2,107130.0,107130.0,64.994,6964652.7038
2025-06-28 21:14:10.816,107130.0,107157.5,107130.0,107157.5,75.996,8142677.8814
2025-06-28 21:20:44.032,107157.5,107157.5,107157.4,107157.5,12.711,1362078.7579
2025-06-28 21:25:06.176,107157.5,107208.8,107157.5,107203.5,39.882,4275050.0495
2025-06-28 21:29:28.320,107203.5,107249.6,107203.5,107222.4,31.38,3364863.1432
2025-06-28 21:36:01.536,107222.4,107238.6,107220.0,107220.0,9.732,1043552.3311
2025-06-28 21:40:23.680,107220.0,107221.9,107197.9,107212.8,19.748,2117256.5
2025-06-28 21:44:45.824,107212.8,107212.9,107168.3,107173.8,39.001,4180623.2439
2025-06-28 21:49:07.968,107173.8,107264.1,107173.8,107264.1,31.572,3385268.3981
2025-06-28 21:55:41.184,107264.1,107297.9,107251.6,107264.8,120.455,12920922.9941
2025-06-28 22:00:03.328,107264.8,107317.0,107256.3,107300.1,54.971,5897611.0315
2025-06-28 22:04:25.472,107300.1,107304.2,107261.2,107285.0,52.93,5678127.9403
2025-06-28 22:10:58.688,107285.0,107285.1,107207.5,107207.5,27.554,2954507.4196
2025-06-28 22:15:20.832,107207.5,107260.7,107207.5,107223.4,25.285,2711178.2266
2025-06-28 22:19:42.976,107223.4,107264.5,107223.3,107264.5,23.908,2564173.2901
2025-06-28 22:24:05.120,107264.5,107264.5,107236.7,107253.6,62.217,6672631.6523
2025-06-28 22:30:38.336,107253.6,107280.0,107244.5,107280.0,42.069,4512625.3286
2025-06-28 22:35:00.480,107280.0,107290.0,107269.3,107286.6,25.044,2686775.4492
2025-06-28 22:39:22.624,107286.6,107335.8,107280.1,107335.5,117.198,12578081.8196
2025-06-28 22:45:55.840,107335.5,107335.5,107300.0,107304.2,96.374,10342642.7787
2025-06-28 22:50:17.984,107304.2,107329.0,107300.4,107305.4,68.034,7301266.2313
2025-06-28 22:54:40.128,107305.4,107330.1,107305.3,107312.0,26.699,2865329.7032
2025-06-28 22:59:02.272,107312.0,107313.0,107304.0,107304.0,13.447,1442966.5163
2025-06-28 23:05:35.488,107304.0,107304.1,107285.0,107293.7,43.472,4664230.4688
2025-06-28 23:09:57.632,107293.7,107302.5,107285.0,107285.0,11.269,1209117.4063
2025-06-28 23:14:19.776,107285.0,107285.1,107285.0,107285.1,4.198,450382.4918
2025-06-28 23:20:52.992,107285.1,107285.1,107281.6,107281.7,15.868,1702373.1188
2025-06-28 23:25:15.136,107281.7,107291.5,107281.5,107281.5,28.397,3046581.1953
2025-06-28 23:29:37.280,107281.5,107287.6,107260.0,107262.3,61.566,6604537.7427
2025-06-28 23:33:59.424,107262.3,107262.4,107246.0,107252.5,49.667,5326901.9732
2025-06-28 23:40:32.640,107252.5,107252.6,107252.5,107252.5,4.46,478346.3341
2025-06-28 23:44:54.784,107252.5,107260.9,107252.5,107260.0,50.087,5372283.526
2025-06-28 23:49:16.928,107260.0,107260.0,107240.9,107260.0,18.46,1979911.6316
2025-06-28 23:55:50.144,107260.0,107260.0,107241.0,107241.0,8.66,928791.6824
2025-06-29 00:00:12.288,107241.0,107252.6,107241.0,107243.1,24.26,2601820.9068
2025-06-29 00:04:34.432,107243.1,107243.2,107202.5,107227.0,40.528,4345540.4827
2025-06-29 00:08:56.576,107227.0,107227.0,107210.1,107222.5,14.46,1550440.5448
2025-06-29 00:15:29.792,107222.5,107222.6,107216.5,107216.5,11.014,1180899.1422
2025-06-29 00:19:51.936,107216.5,107312.0,107216.5,107287.1,127.946,13725522.1733
2025-06-29 00:24:14.080,107287.1,107430.0,107287.0,107376.7,387.645,41629374.1481
2025-06-29 00:30:47.296,107376.7,107407.0,107353.1,107385.5,156.83,16841902.6567
2025-06-29 00:35:09.440,107385.5,107385.6,107343.8,107350.0,56.728,6091069.8767
2025-06-29 00:39:31.584,107350.0,107360.6,107312.6,107360.5,44.639,4791387.4819
2025-06-29 00:46:04.800,107360.5,107443.0,107339.3,107434.9,134.139,14408899.6556
2025-06-29 00:50:26.944,107434.9,107444.0,107407.9,107417.3,175.121,18813145.9539
2025-06-29 00:54:49.088,107417.3,107444.9,107408.3,107414.5,303.889,32645526.3851
2025-06-29 00:59:11.232,107414.5,107414.6,107388.0,107388.0,15.273,1640399.4075
2025-06-29 01:05:44.448,107388.0,107388.1,107366.4,107366.4,31.986,3434743.3552
2025-06-29 01:10:06.592,107366.4,107366.5,107342.4,107342.4,76.819,8247037.4821
2025-06-29 01:14:28.736,107342.4,107368.5,107342.4,107366.8,74.639,8012680.8569
2025-06-29 01:21:01.952,107366.8,107380.0,107360.0,107367.2,60.344,6478596.3057
2025-06-29 01:25:24.096,107367.2,107377.9,107359.0,107370.1,50.513,5423269.9561
2025-06-29 01:29:46.240,107370.1,107380.0,107370.1,107379.9,19.383,2081240.9666
2025-06-29 01:34:08.384,107379.9,107380.0,107360.0,107360.1,39.12,4200193.4621
2025-06-29 01:40:41.600,107360.1,107360.1,107295.2,107296.8,42.882,4602043.5961
2025-06-29 01:45:03.744,107296.8,107311.1,107277.0,107277.1,35.934,3855524.0734
2025-06-29 01:49:25.888,107277.1,107277.1,107277.0,107277.1,12.253,1314465.7365
2025-06-29 01:55:59.104,107277.1,107277.1,107263.8,107267.6,40.464,4340561.959
2025-06-29 02:00:21.248,107267.6,107278.1,107113.8,107116.9,121.125,12985129.5471
2025-06-29 02:04:43.392,107116.9,107191.9,107116.9,107182.4,137.65,14750978.432
2025-06-29 02:09:05.536,107182.4,107192.4,107156.9,107179.0,60.659,6501074.0092
2025-06-29 02:15:38.752,107179.0,107179.1,107156.1,107157.0,44.325,4750008.1851
2025-06-29 02:20:00.896,107157.0,107166.2,107130.5,107155.1,90.418,9687891.6474
2025-06-29 02:24:23.040,107155.1,107188.4,107155.0,107176.7,22.866,2450771.2161
2025-06-29 02:30:56.256,107176.7,107176.7,107158.0,107163.8,24.714,2648397.1124
2025-06-29 02:35:18.400,107163.8,107194.4,107163.7,107194.3,44.392,4757810.7767
2025-06-29 02:39:40.544,107194.3,107301.6,107194.3,107261.5,121.672,13049569.6843
2025-06-29 02:44:02.688,107261.5,107261.5,107242.7,107242.7,18.403,1973726.9695
2025-06-29 02:50:35.904,107242.7,107242.8,107242.7,107242.8,16.099,1726500.9905
2025-06-29 02:54:58.048,107242.8,107270.1,107242.7,107250.2,15.933,1708866.2787
2025-06-29 02:59:20.192,107250.2,107250.2,107208.0,107216.2,22.191,2379282.5374
2025-06-29 03:05:53.408,107216.2,107227.0,107216.1,107225.1,11.958,1282180.2326
2025-06-29 03:10:15.552,107225.1,107225.1,107223.1,107223.2,5.331,571616.0584
2025-06-29 03:14:37.696,107223.2,107230.0,107216.1,107216.2,11.064,1186341.2834
2025-06-29 03:18:59.840,107216.2,107243.3,107216.1,107243.3,27.696,2969761.6223
2025-06-29 03:25:33.056,107243.3,107243.3,107230.0,107230.1,7.057,756806.0768
2025-06-29 03:29:55.200,107230.1,107230.1,107227.6,107227.7,4.353,466765.3527
2025-06-29 03:34:17.344,107227.7,107227.7,107160.6,107160.7,24.681,2645492.075
2025-06-29 03:40:50.560,107160.7,107160.7,107140.0,107140.1,40.863,4378516.3774
2025-06-29 03:45:12.704,107140.1,107158.0,107136.6,107158.0,28.788,3084419.2888
2025-06-29 03:49:34.848,107158.0,107163.5,107157.9,107163.4,21.376,2290710.4926
2025-06-29 03:53:56.992,107163.4,107163.5,107157.0,107157.1,7.501,803830.7169
2025-06-29 04:00:30.208,107157.1,107174.9,107157.0,107174.9,48.235,5169015.9382
2025-06-29 04:04:52.352,107174.9,107178.5,107169.2,107178.4,22.682,2430955.6838
2025-06-29 04:09:14.496,107178.4,107194.7,107178.4,107194.7,20.097,2154100.765
2025-06-29 04:15:47.712,107194.7,107194.7,107194.6,107194.7,15.662,1678883.1978
2025-06-29 04:20:09.856,107194.7,107194.7,107174.6,107176.1,21.544,2309121.2597
2025-06-29 04:24:32.000,107176.1,107176.1,107176.0,107176.1,5.496,589039.6756
2025-06-29 04:31:05.216,107176.1,107176.1,107176.0,107176.1,8.605,922249.8145
2025-06-29 04:35:27.360,107176.1,107176.1,107176.0,107176.0,10.332,1107343.1819
2025-06-29 04:39:49.504,107176.0,107176.1,107176.0,107176.1,13.79,1477958.2965
2025-06-29 04:44:11.648,107176.1,107183.4,107176.0,107183.4,24.097,2582752.6625
2025-06-29 04:50:44.864,107183.4,107201.8,107183.3,107201.7,41.937,4495490.4893
2025-06-29 04:55:07.008,107201.7,107216.1,107201.7,107213.8,25.125,2693610.2768
2025-06-29 04:59:29.152,107213.8,107213.8,107182.8,107182.9,56.42,6047990.3272
2025-06-29 05:06:02.368,107182.9,107193.6,107182.8,107193.6,28.307,3034128.9151
2025-06-29 05:10:24.512,107193.6,107199.3,107193.5,107199.3,12.918,1384767.8071
2025-06-29 05:14:46.656,107199.3,107199.3,107199.2,107199.3,1.188,127352.7455
2025-06-29 05:19:08.800,107199.3,107199.3,107179.2,107179.3,10.567,1132638.896
2025-06-29 05:25:42.016,107179.3,107179.3,107171.6,107171.7,11.183,1198569.6893
2025-06-29 05:30:04.160,107171.7,107171.7,107160.1,107160.2,15.946,1708806.0328
2025-06-29 05:34:26.304,107160.2,107167.5,107160.1,107167.5,14.417,1545002.9234
2025-06-29 05:40:59.520,107167.5,107199.6,107167.4,107199.3,49.638,5320695.2256
2025-06-29 05:45:21.664,107199.3,107241.4,107199.2,107241.3,64.31,6895456.5338
2025-06-29 05:49:43.808,107241.3,107269.2,107241.3,107269.2,29.524,3166624.8491
2025-06-29 05:54:05.952,107269.2,107269.2,107255.9,107256.0,15.536,1666365.0906
2025-06-29 06:00:39.168,107256.0,107256.0,107255.9,107256.0,8.765,940098.2985
2025-06-29 06:05:01.312,107256.0,107267.7,107255.9,107267.7,28.402,3046426.7677
2025-06-29 06:09:23.456,107267.7,107267.7,107267.6,107267.7,5.035,540092.6009
2025-06-29 06:15:56.672,107267.7,107289.1,107267.6,107272.2,45.508,4882062.1198
2025-06-29 06:20:18.816,107272.2,107272.2,107272.1,107272.2,7.357,789201.2564
2025-06-29 06:24:40.960,107272.2,107272.2,107271.7,107271.8,7.946,852383.5516
2025-06-29 06:29:03.104,107271.8,107284.5,107271.7,107284.5,43.268,4641727.3118
2025-06-29 06:35:36.320,107284.5,107289.3,107284.4,107289.3,29.838,3201156.9557
2025-06-29 06:39:58.464,107289.3,107289.3,107282.4,107282.5,16.97,1820684.4044
2025-06-29 06:44:20.608,107282.5,107289.3,107281.8,107289.2,22.667,2431798.6506
2025-06-29 06:50:53.824,107289.2,107290.1,107289.2,107290.1,25.814,2769577.329
2025-06-29 06:55:15.968,107290.1,107338.9,107290.0,107320.2,74.866,8034175.9737
2025-06-29 06:59:38.112,107320.2,107332.1,107292.0,107292.1,128.822,13823238.5863
2025-06-29 07:04:00.256,107292.1,107336.3,107292.0,107305.6,45.284,4859393.847
2025-06-29 07:10:33.472,107305.6,107305.7,107305.6,107305.7,9.297,997620.7075
2025-06-29 07:14:55.616,107305.7,107305.7,107287.0,107287.0,40.88,4386101.9056
2025-06-29 07:19:17.760,107287.0,107303.4,107287.0,107295.0,56.455,6057247.0018
2025-06-29 07:25:50.976,107295.0,107302.0,107295.0,107298.6,15.959,1712381.1684
2025-06-29 07:30:13.120,107298.6,107298.7,107298.3,107298.4,14.724,1579863.9941
2025-06-29 07:34:35.264,107298.4,107298.4,107267.7,107278.0,42.584,4568371.8461
2025-06-29 07:38:57.408,107278.0,107278.0,107267.1,107278.0,24.551,2633688.1536
2025-06-29 07:45:30.624,107278.0,107278.0,107273.8,107273.9,15.226,1633374.4032
2025-06-29 07:49:52.768,107273.9,107281.9,107273.8,107279.4,14.411,1545976.2233
2025-06-29 07:54:14.912,107279.4,107350.0,107279.4,107350.0,46.591,4999829.5214
2025-06-29 08:00:48.128,107350.0,107441.5,107335.4,107441.5,177.065,19013790.3261
2025-06-29 08:05:10.272,107441.5,107441.5,107386.7,107386.7,183.232,19681438.2937
2025-06-29 08:09:32.416,107386.7,107414.8,107386.7,107400.1,76.737,8241899.2534
2025-06-29 08:13:54.560,107400.1,107400.1,107368.0,107368.3,45.082,4841268.5199
2025-06-29 08:20:27.776,107368.3,107393.5,107368.2,107393.5,33.15,3559442.2443
2025-06-29 08:24:49.920,107393.5,107398.2,107393.4,107398.2,25.134,2699248.8789
2025-06-29 08:29:12.064,107398.2,107620.0,107398.1,107571.1,634.723,68256774.195
2025-06-29 08:35:45.280,107571.1,107600.0,107560.0,107560.0,168.885,18168623.8172
2025-06-29 08:40:07.424,107560.0,107675.1,107560.0,107633.7,343.556,36972366.9283
2025-06-29 08:44:29.568,107633.7,107656.1,107608.2,107616.2,70.998,7641199.3734
2025-06-29 08:51:02.784,107616.2,107670.1,107616.1,107633.3,58.09,6253064.6429
2025-06-29 08:55:24.928,107633.3,107645.3,107608.0,107645.3,87.824,9451583.2292
2025-06-29 08:59:47.072,107645.3,107799.1,107578.5,107619.4,473.485,50992416.552
2025-06-29 09:04:09.216,107619.4,107619.5,107568.7,107611.3,133.564,14371360.4747
2025-06-29 09:10:42.432,107611.3,107685.4,107611.3,107685.4,99.479,10708322.1333
2025-06-29 09:15:04.576,107685.4,107759.9,107685.4,107747.0,187.618,20213428.0923
2025-06-29 09:19:26.720,107747.0,107757.6,107733.6,107757.6,152.641,16446311.5366
2025-06-29 09:25:59.936,107757.6,107757.6,107686.0,107747.9,121.764,13117340.7334
2025-06-29 09:30:22.080,107747.9,107918.9,107747.8,107858.7,655.918,70739837.4521
2025-06-29 09:34:44.224,107858.7,107899.0,107829.0,107836.0,255.427,27550467.8088
2025-06-29 09:39:06.368,107836.0,107887.7,107835.9,107864.3,150.522,16236281.2565
2025-06-29 09:45:39.584,107864.3,107911.5,107857.9,107911.5,125.076,13494875.6878
2025-06-29 09:50:01.728,107911.5,107926.8,107873.9,107926.7,167.319,18053485.4409
2025-06-29 09:54:23.872,107926.7,107926.8,107782.4,107838.1,250.298,26995840.4631
2025-06-29 10:00:57.088,107838.1,107965.4,107838.1,107962.3,257.65,27805307.0099
2025-06-29 10:05:19.232,107962.3,108107.0,107957.9,108095.9,615.993,66549504.0522
2025-06-29 10:09:41.376,108095.9,108120.0,108076.3,108092.9,390.239,42185449.3037
2025-06-29 10:14:03.520,108092.9,108123.3,108002.6,108123.2,467.714,50538329.8498
2025-06-29 10:20:36.736,108123.2,108239.5,108106.0,108239.5,482.988,52248959.2963
2025-06-29 10:24:58.880,108239.5,108239.5,108070.9,108083.0,383.18,41442179.7651
2025-06-29 10:29:21.024,108083.0,108120.0,108022.0,108040.0,301.486,32579122.59
2025-06-29 10:35:54.240,108040.0,108050.0,107956.7,107970.9,274.528,29646875.7935
2025-06-29 10:40:16.384,107970.9,107970.9,107932.4,107932.4,301.429,32540988.6931
2025-06-29 10:44:38.528,107932.4,108071.8,107797.5,108068.0,464.26,50108701.4369
2025-06-29 10:49:00.672,108068.0,108173.4,108059.7,108110.3,234.572,25359361.666
2025-06-29 10:55:33.888,108110.3,108117.7,108049.6,108093.0,117.766,12729319.7157
2025-06-29 10:59:56.032,108093.0,108139.1,108093.0,108110.7,84.663,9152839.4618
2025-06-29 11:04:18.176,108110.7,108110.8,108058.8,108099.9,138.078,14923604.6087
2025-06-29 11:10:51.392,108099.9,108100.0,108046.7,108050.0,67.968,7345581.5465
2025-06-29 11:15:13.536,108050.0,108089.5,108026.1,108089.4,76.845,8303500.8561
2025-06-29 11:19:35.680,108089.4,108129.1,108068.8,108068.8,76.022,8218328.619
2025-06-29 11:23:57.824,108068.8,108096.3,108056.0,108091.6,67.21,7263957.5485
2025-06-29 11:30:31.040,108091.6,108115.5,108091.6,108115.4,52.936,5722685.8169
2025-06-29 11:34:53.184,108115.4,108167.5,108115.3,108139.2,160.436,17350619.5282
2025-06-29 11:39:15.328,108139.2,108146.6,108109.0,108143.2,76.497,8271865.6944
2025-06-29 11:45:48.544,108143.2,108215.8,108143.1,108190.1,203.396,22006869.8718
2025-06-29 11:50:10.688,108190.1,108507.0,108151.1,108367.0,1343.839,145625495.4785
2025-06-29 11:54:32.832,108367.0,108420.8,108342.8,108420.1,575.216,62337688.8264
2025-06-29 11:58:54.976,108420.1,108484.2,108308.7,108357.3,451.347,48926213.1111
2025-06-29 12:05:28.192,108357.3,108357.4,108186.0,108186.1,381.968,41349106.8515
2025-06-29 12:09:50.336,108186.1,108186.1,108088.0,108120.6,504.401,54540455.3636
2025-06-29 12:14:12.480,108120.6,108199.3,108116.0,108199.1,173.27,18739863.191
2025-06-29 12:20:45.696,108199.1,108250.0,108190.8,108225.7,101.134,10944615.414
2025-06-29 12:25:07.840,108225.7,108230.0,108151.2,108158.4,111.442,12057929.5933
2025-06-29 12:29:29.984,108158.4,108171.6,108123.0,108157.4,141.573,15311456.5004
2025-06-29 12:36:03.200,108157.4,108179.2,108107.7,108121.9,70.079,7579159.4994
2025-06-29 12:40:25.344,108121.9,108122.0,107950.6,107971.9,434.043,46897624.0155
2025-06-29 12:44:47.488,107971.9,108087.6,107971.9,108062.2,178.051,19240187.1903
2025-06-29 12:49:09.632,108062.2,108094.0,108054.5,108094.0,58.087,6277685.7078
2025-06-29 12:55:42.848,108094.0,108137.8,108093.9,108135.1,68.678,7425403.4028
2025-06-29 13:00:04.992,108135.1,108167.8,108135.0,108167.8,66.454,7187265.7884
2025-06-29 13:04:27.136,108167.8,108167.8,108074.4,108089.3,71.283,7706904.1698
2025-06-29 13:11:00.352,108089.3,108110.0,108070.0,108089.5,94.483,10212284.8851
2025-06-29 13:15:22.496,108089.5,108089.5,108045.5,108075.1,69.087,7466228.679
2025-06-29 13:19:44.640,108075.1,108096.6,108050.6,108050.6,120.909,13068485.5872
2025-06-29 13:24:06.784,108050.6,108050.6,108020.0,108046.0,174.116,18809417.6127
2025-06-29 13:30:40.000,108046.0,108083.1,107971.1,107979.3,202.998,21926961.5363
2025-06-29 13:35:02.144,107979.3,108039.8,107955.1,108039.7,182.587,19717119.625
2025-06-29 13:39:24.288,108039.7,108124.3,108021.7,108092.0,83.778,9054525.6086
2025-06-29 13:45:57.504,108092.0,108127.3,107964.7,107984.3,86.831,9381122.5035
2025-06-29 13:50:19.648,107984.3,108036.1,107980.0,108000.0,126.848,13700076.7316
2025-06-29 13:54:41.792,108000.0,108017.8,107996.0,108000.3,69.751,7533366.6173
2025-06-29 13:59:03.936,108000.3,108019.8,108000.3,108014.1,36.791,3973856.2369
2025-06-29 14:05:37.152,108014.1,108099.6,108014.0,108099.6,54.823,5923481.2126
2025-06-29 14:09:59.296,108099.6,108151.6,108078.2,108151.5,89.537,9680019.5148
2025-06-29 14:14:21.440,108151.5,108166.7,108103.7,108165.2,108.35,11717869.5799
2025-06-29 14:20:54.656,108165.2,108165.2,108050.0,108050.0,54.946,5939350.9536
2025-06-29 14:25:16.800,108050.0,108050.1,108014.0,108026.0,86.859,9383159.8403
2025-06-29 14:29:38.944,108026.0,108034.0,107908.1,107943.0,230.695,24906548.3955
2025-06-29 14:34:01.088,107943.0,107943.1,107719.4,107815.5,819.886,88391085.1802
2025-06-29 14:40:34.304,107815.5,107867.7,107785.4,107801.9,178.892,19291925.1475
2025-06-29 14:44:56.448,107801.9,107855.0,107744.0,107788.1,243.105,26204666.2349
2025-06-29 14:49:18.592,107788.1,107871.1,107787.0,107865.5,104.68,11288220.8667
2025-06-29 14:55:51.808,107865.5,107920.0,107855.0,107884.1,122.966,13266258.4676
2025-06-29 15:00:13.952,107884.1,107892.5,107751.7,107846.0,249.244,26870565.0259
2025-06-29 15:04:36.096,107846.0,107976.3,107845.9,107952.4,149.954,16184440.1016
2025-06-29 15:08:58.240,107952.4,107959.0,107929.6,107937.1,95.026,10257307.4702
2025-06-29 15:15:31.456,107937.1,107937.1,107800.0,107841.2,135.254,14588831.9055
2025-06-29 15:19:53.600,107841.2,107888.9,107827.2,107888.9,46.912,5059725.1287
2025-06-29 15:24:15.744,107888.9,107888.9,107849.0,107861.1,40.308,4347717.9681
2025-06-29 15:30:48.960,107861.1,107905.6,107849.0,107850.4,97.859,10556260.1114
2025-06-29 15:35:11.104,107850.4,107889.4,107820.1,107872.2,89.203,9619931.0643
2025-06-29 15:39:33.248,107872.2,107917.3,107840.9,107841.0,89.008,9603045.8286
2025-06-29 15:43:55.392,107841.0,107841.0,107656.5,107703.2,402.321,43340164.6777
2025-06-29 15:50:28.608,107703.2,107721.6,107602.0,107658.7,325.649,35055389.7745
2025-06-29 15:54:50.752,107658.7,107732.0,107640.2,107693.5,182.727,19680470.6195
2025-06-29 15:59:12.896,107693.5,107738.7,107690.1,107700.0,149.438,16097046.3783
2025-06-29 16:05:46.112,107700.0,107729.3,107560.8,107623.0,198.211,21333449.2385
2025-06-29 16:10:08.256,107623.0,107635.8,107565.2,107627.0,107.651,11584560.803
2025-06-29 16:14:30.400,107627.0,107714.3,107602.2,107611.6,131.193,14123186.777
2025-06-29 16:21:03.616,107611.6,107611.6,107511.2,107511.2,221.753,23847536.1161
2025-06-29 16:25:25.760,107511.2,107512.1,107401.0,107467.9,386.983,41587815.4635
2025-06-29 16:29:47.904,107467.9,107580.8,107419.0,107500.7,237.037,25481016.5991
2025-06-29 16:34:10.048,107500.7,107514.8,107410.6,107486.1,191.037,20527808.6335
2025-06-29 16:40:43.264,107486.1,107492.4,107419.9,107419.9,198.482,21328030.4512
2025-06-29 16:45:05.408,107419.9,107439.0,107222.0,107367.5,765.96,82217990.3826
2025-06-29 16:49:27.552,107367.5,107398.9,107333.7,107398.9,155.585,16705258.9118
2025-06-29 16:56:00.768,107398.9,107558.1,107367.6,107498.8,532.358,57213550.3201
2025-06-29 17:00:22.912,107498.8,107550.3,107498.8,107500.1,204.33,21969143.813
2025-06-29 17:04:45.056,107500.1,107500.1,107455.0,107473.8,89.571,9625750.7515
2025-06-29 17:09:07.200,107473.8,107500.0,107452.4,107499.9,93.888,10090151.1311
2025-06-29 17:15:40.416,107499.9,107524.5,107415.0,107454.4,376.777,40493690.6487
2025-06-29 17:20:02.560,107454.4,107458.8,107373.3,107382.7,190.759,20492748.2361
2025-06-29 17:24:24.704,107382.7,107409.2,107335.5,107340.1,145.924,15666939.5984
2025-06-29 17:30:57.920,107340.1,107379.2,107307.4,107347.0,228.499,24529986.8958
2025-06-29 17:35:20.064,107347.0,107350.6,107253.6,107253.6,224.132,24048294.7383
2025-06-29 17:39:42.208,107253.6,107324.1,107253.6,107320.4,126.771,13601695.817
2025-06-29 17:44:04.352,107320.4,107350.0,107300.0,107319.8,189.101,20294630.3962
2025-06-29 17:50:37.568,107319.8,107385.1,107316.4,107359.7,99.81,10715562.6452
2025-06-29 17:54:59.712,107359.7,107484.0,107359.7,107484.0,225.515,24229188.0625
2025-06-29 17:59:21.856,107484.0,107504.7,107465.7,107485.6,90.665,9744971.1263
2025-06-29 18:05:55.072,107485.6,107485.7,107442.3,107455.5,63.317,6803596.8169
2025-06-29 18:10:17.216,107455.5,107455.6,107380.5,107380.5,126.455,13582898.7771
2025-06-29 18:14:39.360,107380.5,107422.0,107380.5,107421.9,57.471,6172342.4562
2025-06-29 18:19:01.504,107421.9,107537.1,107421.9,107537.1,174.995,18806409.6376
2025-06-29 18:25:34.720,107537.1,107565.0,107534.5,107561.6,165.043,17750776.3619
2025-06-29 18:29:56.864,107561.6,107561.7,107531.6,107543.6,121.806,13099228.2097
2025-06-29 18:34:19.008,107543.6,107549.2,107502.3,107502.3,47.181,5073610.2766
2025-06-29 18:40:52.224,107502.3,107580.0,107502.3,107573.6,58.303,6270484.3074
2025-06-29 18:45:14.368,107573.6,107649.4,107573.6,107632.5,122.316,13163891.4956
2025-06-29 18:49:36.512,107632.5,107633.5,107600.0,107633.5,93.72,10085539.9201
2025-06-29 18:53:58.656,107633.5,107633.5,107570.0,107570.0,61.916,6662406.515
2025-06-29 19:00:31.872,107570.0,107570.1,107476.1,107476.6,119.534,12855073.5951
2025-06-29 19:04:54.016,107476.6,107519.7,107466.9,107480.9,52.644,5658651.5253
2025-06-29 19:09:16.160,107480.9,107497.5,107480.9,107481.1,25.534,2744635.876
2025-06-29 19:15:49.376,107481.1,107481.1,107440.0,107445.8,44.074,4736194.5469
2025-06-29 19:20:11.520,107445.8,107469.6,107445.8,107469.6,18.023,1936691.0888
2025-06-29 19:24:33.664,107469.6,107513.6,107469.3,107491.4,42.838,4604519.308
2025-06-29 19:28:55.808,107491.4,107505.4,107468.3,107483.9,64.368,6918617.5465
2025-06-29 19:35:29.024,107483.9,107483.9,107423.5,107423.5,16.778,1802870.1871
2025-06-29 19:39:51.168,107423.5,107423.6,107316.5,107330.7,140.73,15108653.4637
2025-06-29 19:44:13.312,107330.7,107368.9,107300.0,107367.3,64.041,6873557.7382
2025-06-29 19:50:46.528,107367.3,107394.0,107367.2,107394.0,40.112,4307106.9039
2025-06-29 19:55:08.672,107394.0,107394.0,107337.0,107337.0,155.14,16654857.0878
2025-06-29 19:59:30.816,107337.0,107345.0,107318.4,107336.8,46.864,5030220.5603
2025-06-29 20:06:04.032,107336.8,107349.3,107320.0,107343.9,62.457,6703956.4007
2025-06-29 20:10:26.176,107343.9,107344.0,107325.0,107343.8,31.62,3394136.3617
2025-06-29 20:14:48.320,107343.8,107387.7,107343.8,107387.7,45.994,4938413.7758
2025-06-29 20:19:10.464,107387.7,107427.8,107387.7,107427.7,47.877,5142003.5398
2025-06-29 20:25:43.680,107427.7,107427.8,107413.8,107414.2,33.842,3635348.769
2025-06-29 20:30:05.824,107414.2,107414.2,107390.0,107390.0,27.749,2980338.5957
2025-06-29 20:34:27.968,107390.0,107406.1,107376.1,107399.7,48.196,5175549.598
2025-06-29 20:41:01.184,107399.7,107399.7,107377.9,107378.0,14.587,1566522.9145
2025-06-29 20:45:23.328,107378.0,107411.6,107357.1,107391.1,42.799,4595810.8702
2025-06-29 20:49:45.472,107391.1,107415.5,107372.5,107379.2,28.317,3041150.3788
2025-06-29 20:54:07.616,107379.2,107379.2,107292.8,107292.8,89.603,9617662.517
2025-06-29 21:00:40.832,107292.8,107340.2,107171.2,107245.6,1114.209,119489201.5023
2025-06-29 21:05:02.976,107245.6,107432.9,107242.8,107412.3,141.332,15173999.7851
2025-06-29 21:09:25.120,107412.3,107412.4,107342.8,107342.9,102.476,11005439.8751
2025-06-29 21:15:58.336,107342.9,107431.5,107335.9,107431.5,182.173,19563627.7184
2025-06-29 21:20:20.480,107431.5,107516.4,107431.4,107506.4,214.316,23033597.0132
2025-06-29 21:24:42.624,107506.4,107506.5,107456.3,107482.3,92.378,9928032.3043
2025-06-29 21:29:04.768,107482.3,107578.4,107482.3,107555.9,143.623,15442453.1629
2025-06-29 21:35:37.984,107555.9,107575.6,107546.7,107564.5,50.462,5427682.5144
2025-06-29 21:40:00.128,107564.5,107679.5,107564.5,107631.3,270.131,29075343.7653
2025-06-29 21:44:22.272,107631.3,107636.7,107593.8,107593.8,158.265,17033280.0306
2025-06-29 21:50:55.488,107593.8,107593.9,107500.1,107500.2,61.545,6618938.3987
2025-06-29 21:55:17.632,107500.2,107500.2,107424.4,107487.9,184.468,19821463.0558
2025-06-29 21:59:39.776,107487.9,107778.7,107487.9,107680.9,806.307,86826547.8677
2025-06-29 22:04:01.920,107680.9,107764.8,107614.2,107712.6,343.331,36980504.1293
2025-06-29 22:10:35.136,107712.6,107750.0,107680.0,107744.9,332.727,35838355.4333
2025-06-29 22:14:57.280,107744.9,107865.8,107724.3,107852.7,454.187,48953498.2674
2025-06-29 22:19:19.424,107852.7,107934.0,107830.5,107921.4,434.602,46880691.6912
2025-06-29 22:25:52.640,107921.4,107988.4,107891.3,107980.0,477.001,51495364.3443
2025-06-29 22:30:14.784,107980.0,108044.9,107777.0,107796.2,564.897,60980047.9067
2025-06-29 22:34:36.928,107796.2,108153.4,107796.1,108091.9,772.093,83437560.8307
2025-06-29 22:38:59.072,108091.9,108200.0,108026.1,108078.5,519.46,56160719.0165
2025-06-29 22:45:32.288,108078.5,108235.1,108031.1,108194.6,285.997,30930930.3891
2025-06-29 22:49:54.432,108194.6,108205.6,108028.1,108182.2,209.138,22613084.974
2025-06-29 22:54:16.576,108182.2,108182.4,107990.7,108046.2,125.424,13554321.5013
2025-06-29 23:00:49.792,108046.2,108188.1,108046.1,108184.4,278.48,30111189.749
2025-06-29 23:05:11.936,108184.4,108240.0,108060.0,108096.9,234.428,25355971.832
2025-06-29 23:09:34.080,108096.9,108135.3,107940.4,108020.6,205.304,22176210.7763
2025-06-29 23:13:56.224,108020.6,108103.9,107978.0,108054.3,254.17,27458713.014
2025-06-29 23:20:29.440,108054.3,108291.0,108054.3,108239.9,308.632,33400815.3066
2025-06-29 23:24:51.584,108239.9,108396.7,108213.2,108339.6,467.386,50636400.8281
2025-06-29 23:29:13.728,108339.6,108394.9,108281.3,108300.0,206.819,22410012.7756
2025-06-29 23:35:46.944,108300.0,108342.9,108270.4,108285.1,139.017,15055435.8558
2025-06-29 23:40:09.088,108285.1,108372.9,108240.0,108261.0,215.425,23332848.064
2025-06-29 23:44:31.232,108261.0,108344.0,108261.0,108343.9,134.693,14587533.9898
2025-06-29 23:51:04.448,108343.9,108356.0,108297.3,108331.8,107.562,11652783.2992
2025-06-29 23:55:26.592,108331.8,108375.0,108314.8,108314.8,125.264,13571418.4879
2025-06-29 23:59:48.736,108314.8,108371.9,108203.2,108230.4,304.353,32954757.8726
2025-06-30 00:04:10.880,108230.4,108456.0,108230.4,108349.9,817.23,88542254.8264
2025-06-30 00:10:44.096,108349.9,108402.1,108349.8,108400.4,197.112,21363288.8676
2025-06-30 00:15:06.240,108400.4,108431.9,108396.8,108400.5,146.17,15847140.285
2025-06-30 00:19:28.384,108400.5,108700.0,108325.2,108665.2,1283.918,139387219.7706
2025-06-30 00:26:01.600,108665.2,108665.2,108507.9,108611.0,534.399,58037402.606
2025-06-30 00:30:23.744,108611.0,108620.0,108527.2,108613.0,281.768,30594333.5742
2025-06-30 00:34:45.888,108613.0,108766.4,108560.7,108582.8,641.601,69724862.0341
2025-06-30 00:39:08.032,108582.8,108745.1,108582.8,108726.2,348.371,37869509.9935
2025-06-30 00:45:41.248,108726.2,108744.7,108684.3,108716.3,262.074,28493004.4066
2025-06-30 00:50:03.392,108716.3,108716.3,108574.9,108629.9,193.016,20970336.2754
2025-06-30 00:54:25.536,108629.9,108670.0,108629.9,108661.3,106.299,11549525.9113
2025-06-30 01:00:58.752,108661.3,108663.4,108487.1,108529.5,202.509,21985421.6116
2025-06-30 01:05:20.896,108529.5,108540.6,108350.0,108480.2,739.796,80217751.7421
2025-06-30 01:09:43.040,108480.2,108482.1,108414.0,108478.0,315.425,34206756.2722
2025-06-30 01:14:05.184,108478.0,108628.6,108472.6,108628.6,364.954,39613665.8112
2025-06-30 01:20:38.400,108628.6,108631.5,108571.5,108631.5,129.671,14082554.4424
2025-06-30 01:25:00.544,108631.5,108660.0,108624.4,108649.9,93.572,10166251.2863
2025-06-30 01:29:22.688,108649.9,108717.7,108646.2,108700.0,126.641,13763035.8879
2025-06-30 01:35:55.904,108700.0,108720.0,108668.0,108720.0,132.967,14452961.2535
2025-06-30 01:40:18.048,108720.0,108738.6,108719.9,108726.5,128.367,13957468.566
2025-06-30 01:44:40.192,108726.5,108738.6,108592.4,108628.1,161.251,17523043.297
2025-06-30 01:49:02.336,108628.1,108656.8,108467.1,108510.7,218.693,23736653.8281
2025-06-30 01:55:35.552,108510.7,108538.6,108444.0,108458.0,107.77,11691777.6908
2025-06-30 01:59:57.696,108458.0,108477.6,108412.0,108442.6,133.179,14441161.2579
2025-06-30 02:04:19.840,108442.6,108524.2,108439.0,108518.6,117.855,12785551.7921
2025-06-30 02:10:53.056,108518.6,108537.5,108518.6,108535.7,54.421,5905996.2416
2025-06-30 02:15:15.200,108535.7,108612.5,108471.2,108606.1,189.269,20544817.6493
2025-06-30 02:19:37.344,108606.1,108617.1,108532.8,108566.8,187.155,20319596.7315
2025-06-30 02:23:59.488,108566.8,108566.9,108541.1,108560.0,58.182,6316048.8605
2025-06-30 02:30:32.704,108560.0,108599.4,108560.0,108599.4,56.391,6123106.2476
2025-06-30 02:34:54.848,108599.4,108599.4,108470.8,108485.7,84.408,9161260.0799
2025-06-30 02:39:16.992,108485.7,108592.5,108485.7,108583.3,62.56,6789021.3289
2025-06-30 02:45:50.208,108583.3,108584.9,108536.0,108574.0,56.735,6159124.2403
2025-06-30 02:50:12.352,108574.0,108574.1,108489.7,108500.0,56.787,6162938.7355
2025-06-30 02:54:34.496,108500.0,108500.0,108401.4,108449.9,203.871,22107488.6325
2025-06-30 02:58:56.640,108449.9,108550.1,108431.0,108550.0,143.829,15602236.0772
2025-06-30 03:05:29.856,108550.0,108550.1,108441.7,108441.8,77.879,8448661.2569
2025-06-30 03:09:52.000,108441.8,108441.8,108414.8,108429.6,44.601,4836168.2222
2025-06-30 03:14:14.144,108429.6,108448.4,108383.3,108412.3,103.277,11195783.206
2025-06-30 03:20:47.360,108412.3,108480.0,108412.2,108479.9,39.65,4299516.7181
2025-06-30 03:25:09.504,108479.9,108480.0,108417.2,108419.8,45.841,4971085.7029
2025-06-30 03:29:31.648,108419.8,108494.0,108415.2,108494.0,54.109,5867384.7283
2025-06-30 03:36:04.864,108494.0,108512.9,108451.9,108458.1,69.296,7517636.1848
2025-06-30 03:40:27.008,108458.1,108482.2,108458.0,108482.1,19.365,2100568.6899
2025-06-30 03:44:49.152,108482.1,108490.0,108438.1,108482.0,40.15,4354807.5103
2025-06-30 03:49:11.296,108482.0,108515.5,108482.0,108510.0,36.058,3912481.3032
2025-06-30 03:55:44.512,108510.0,108510.1,108459.8,108466.6,27.471,2980064.7442
2025-06-30 04:00:06.656,108466.6,108500.0,108436.0,108477.9,50.681,5497765.0871
2025-06-30 04:04:28.800,108477.9,108493.9,108461.7,108461.8,46.76,5072722.1938
2025-06-30 04:11:02.016,108461.8,108464.3,108435.3,108464.2,84.349,9147576.269
2025-06-30 04:15:24.160,108464.2,108478.9,108436.1,108436.2,61.6,6681268.6243
2025-06-30 04:19:46.304,108436.2,108437.6,108395.4,108395.4,83.199,9019714.8648
2025-06-30 04:24:08.448,108395.4,108427.9,108387.0,108403.7,141.445,15333502.4124
2025-06-30 04:30:41.664,108403.7,108403.8,108392.9,108392.9,35.62,3861265.3849
2025-06-30 04:35:03.808,108392.9,108400.0,108392.9,108392.9,18.586,2014681.3238
2025-06-30 04:39:25.952,108392.9,108393.0,108333.4,108334.2,209.556,22708131.6813
2025-06-30 04:45:59.168,108334.2,108369.1,108329.9,108366.1,89.094,9652144.1688
2025-06-30 04:50:21.312,108366.1,108379.3,108309.3,108349.9,133.347,14446276.7912
2025-06-30 04:54:43.456,108349.9,108349.9,108263.2,108289.7,201.446,21815566.1165
2025-06-30 04:59:05.600,108289.7,108329.7,108268.7,108318.8,167.577,18149126.7912
2025-06-30 05:05:38.816,108318.8,108350.0,108314.0,108316.3,84.917,9199019.7463
2025-06-30 05:10:00.960,108316.3,108336.5,108305.2,108336.4,50.465,5466209.8179
2025-06-30 05:14:23.104,108336.4,108336.5,108300.4,108304.1,63.852,6916042.1003
2025-06-30 05:20:56.320,108304.1,108305.6,108283.8,108290.0,126.074,13653559.2482
2025-06-30 05:25:18.464,108290.0,108294.7,108268.4,108268.4,60.556,6556878.692
2025-06-30 05:29:40.608,108268.4,108268.5,108142.7,108154.4,351.231,38002213.1704
2025-06-30 05:34:02.752,108154.4,108180.9,108121.5,108170.0,354.473,38337263.4758
2025-06-30 05:40:35.968,108170.0,108221.4,108169.9,108188.3,107.173,11596047.8005
2025-06-30 05:44:58.112,108188.3,108228.3,108140.2,108158.5,203.741,22044386.67
2025-06-30 05:49:20.256,108158.5,108187.0,108142.7,108187.0,53.174,5751454.5035
2025-06-30 05:55:53.472,108187.0,108268.8,108187.0,108236.5,130.213,14093391.9824
2025-06-30 06:00:15.616,108236.5,108260.1,108200.0,108215.1,98.293,10638440.4565
2025-06-30 06:04:37.760,108215.1,108242.6,108200.0,108200.0,63.146,6833262.7122
2025-06-30 06:08:59.904,108200.0,108235.8,108172.9,108180.1,127.419,13785364.5178
2025-06-30 06:15:33.120,108180.1,108180.1,108112.6,108115.5,213.232,23060527.6721
2025-06-30 06:19:55.264,108115.5,108139.5,108115.5,108127.1,54.126,5852639.3588
2025-06-30 06:24:17.408,108127.1,108133.9,108090.0,108090.0,170.201,18400333.6448
2025-06-30 06:30:50.624,108090.0,108129.4,108090.0,108104.6,84.332,9117317.5571
2025-06-30 06:35:12.768,108104.6,108104.6,107788.0,107832.2,925.94,99941091.1403
2025-06-30 06:39:34.912,107832.2,107832.2,107710.0,107734.6,883.239,95176098.3476
2025-06-30 06:43:57.056,107734.6,107745.4,107556.4,107561.6,686.685,73919699.4041
2025-06-30 06:50:30.272,107561.6,107631.9,107505.0,107505.2,642.74,69133355.002
2025-06-30 06:54:52.416,107505.2,107591.5,107448.3,107503.2,693.514,74561986.1135
2025-06-30 06:59:14.560,107503.2,107550.7,107410.0,107432.1,461.678,49622929.3545
2025-06-30 07:05:47.776,107432.1,107497.4,107416.7,107497.2,481.282,51719199.0343
2025-06-30 07:10:09.920,107497.2,107532.1,107497.1,107500.0,256.632,27591278.5567
2025-06-30 07:14:32.064,107500.0,107679.7,107494.6,107679.7,464.554,49987535.0147
2025-06-30 07:21:05.280,107679.7,107692.3,107615.3,107664.2,271.752,29254661.1542
2025-06-30 07:25:27.424,107664.2,107679.1,107632.0,107656.1,170.52,18358619.6281
2025-06-30 07:29:49.568,107656.1,107663.4,107557.8,107573.2,237.272,25534343.2955
2025-06-30 07:34:11.712,107573.2,107632.9,107556.7,107600.0,111.053,11948109.8507
2025-06-30 07:40:44.928,107600.0,107603.8,107572.8,107581.3,64.174,6904101.8812
2025-06-30 07:45:07.072,107581.3,107616.9,107575.0,107613.2,95.099,10232327.1402
2025-06-30 07:49:29.216,107613.2,107613.3,107577.0,107577.0,57.726,6210436.14
2025-06-30 07:56:02.432,107577.0,107577.1,107546.9,107552.3,63.829,6865764.5147
2025-06-30 08:00:24.576,107552.3,107648.7,107505.9,107629.0,194.919,20965750.8439
2025-06-30 08:04:46.720,107629.0,107689.9,107625.1,107656.7,170.501,18355571.1812
2025-06-30 08:09:08.864,107656.7,107656.7,107554.1,107554.8,121.752,13100463.6347
2025-06-30 08:15:42.080,107554.8,107578.0,107523.2,107523.2,104.153,11201383.3264
2025-06-30 08:20:04.224,107523.2,107523.3,107453.8,107453.9,238.716,25660045.9534
2025-06-30 08:24:26.368,107453.9,107561.8,107453.8,107559.2,127.879,13747609.1908
2025-06-30 08:30:59.584,107559.2,107581.9,107500.0,107500.0,87.281,9386849.1409
2025-06-30 08:35:21.728,107500.0,107507.0,107469.6,107503.9,78.875,8478537.2313
2025-06-30 08:39:43.872,107503.9,107504.0,107461.0,107472.0,48.061,5165429.9018
2025-06-30 08:44:06.016,107472.0,107512.0,107467.8,107500.4,58.89,6330337.3017
2025-06-30 08:50:39.232,107500.4,107530.0,107472.1,107472.1,75.225,8086679.132
2025-06-30 08:55:01.376,107472.1,107472.2,107382.5,107449.0,186.229,20005023.8182
2025-06-30 08:59:23.520,107449.0,107487.9,107400.9,107410.6,137.955,14822943.7413
2025-06-30 09:05:56.736,107410.6,107615.9,107410.5,107605.0,217.867,23427636.5925
2025-06-30 09:10:18.880,107605.0,107617.0,107605.0,107610.1,68.215,7340628.9911
2025-06-30 09:14:41.024,107610.1,107655.2,107558.9,107592.1,192.532,20717811.2549
2025-06-30 09:19:03.168,107592.1,107592.2,107522.0,107584.4,95.757,10298512.4309
2025-06-30 09:25:36.384,107584.4,107588.3,107558.5,107588.2,53.647,5771365.1586
2025-06-30 09:29:58.528,107588.2,107631.7,107552.2,107576.2,83.058,8937135.5401
2025-06-30 09:34:20.672,107576.2,107586.5,107552.3,107564.9,92.438,9943320.8168
2025-06-30 09:40:53.888,107564.9,107565.0,107426.4,107435.1,123.608,13285366.5793
2025-06-30 09:45:16.032,107435.1,107477.0,107422.4,107464.0,173.409,18632762.0782
2025-06-30 09:49:38.176,107464.0,107487.0,107452.3,107467.8,59.655,6411086.1701
2025-06-30 09:54:00.320,107467.8,107473.3,107416.3,107416.4,113.359,12180533.7311
2025-06-30 10:00:33.536,107416.4,107477.5,107405.0,107450.0,189.326,20340247.0229
2025-06-30 10:04:55.680,107450.0,107460.8,107412.5,107412.5,78.982,8485909.3596
2025-06-30 10:09:17.824,107412.5,107412.6,107392.2,107392.3,181.842,19529974.3467
2025-06-30 10:15:51.040,107392.3,107395.1,107300.0,107391.8,522.786,56126002.9404
2025-06-30 10:20:13.184,107391.8,107468.6,107390.0,107450.1,232.089,24931421.2813
2025-06-30 10:24:35.328,107450.1,107461.9,107450.0,107458.0,59.466,6390097.0193
2025-06-30 10:28:57.472,107458.0,107458.0,107413.4,107413.5,46.209,4964454.2838
2025-06-30 10:35:30.688,107413.5,107529.1,107413.4,107529.1,282.835,30399830.1845
2025-06-30 10:39:52.832,107529.1,107543.6,107525.6,107543.6,133.578,14364033.8857
2025-06-30 10:44:14.976,107543.6,107576.2,107543.5,107549.2,169.324,18212749.5139
2025-06-30 10:50:48.192,107549.2,107560.1,107546.2,107556.9,65.557,7050610.4173
2025-06-30 10:55:10.336,107556.9,107587.4,107556.8,107581.5,61.347,6599268.4278
2025-06-30 10:59:32.480,107581.5,107628.2,107560.5,107628.1,168.551,18133300.9763
2025-06-30 11:03:54.624,107628.1,107666.6,107607.3,107637.0,395.978,42625507.1026
2025-06-30 11:10:27.840,107637.0,107649.0,107636.9,107649.0,112.008,12056619.3538
2025-06-30 11:14:49.984,107649.0,107753.5,107643.8,107752.0,426.464,45934639.9151
2025-06-30 11:19:12.128,107752.0,107865.9,107751.9,107811.1,669.374,72165803.1629
2025-06-30 11:25:45.344,107811.1,107811.1,107770.9,107780.1,218.272,23526682.8463
2025-06-30 11:30:07.488,107780.1,107883.6,107780.0,107878.2,211.51,22809404.6494
2025-06-30 11:34:29.632,107878.2,107904.7,107848.3,107848.3,302.678,32654180.2251
2025-06-30 11:41:02.848,107848.3,107858.1,107711.4,107734.3,308.893,33286995.4503
2025-06-30 11:45:24.992,107734.3,107774.2,107734.2,107772.0,97.16,10470304.8349
2025-06-30 11:49:47.136,107772.0,107805.4,107651.0,107660.5,185.935,20035554.0826
2025-06-30 11:54:09.280,107660.5,107660.5,107575.0,107590.9,172.308,18540990.1442
2025-06-30 12:00:42.496,107590.9,107651.6,107590.8,107633.5,110.297,11870286.3651
2025-06-30 12:05:04.640,107633.5,107673.1,107619.0,107673.1,154.467,16628002.7874
2025-06-30 12:09:26.784,107673.1,107673.1,107649.8,107649.9,51.574,5552366.294
2025-06-30 12:16:00.000,107649.9,107766.5,107649.8,107739.0,183.123,19722392.586
2025-06-30 12:20:22.144,107739.0,107762.5,107605.9,107691.0,160.328,17264499.3099
2025-06-30 12:24:44.288,107691.0,107696.6,107637.2,107675.2,155.231,16712131.8722
2025-06-30 12:29:06.432,107675.2,107700.2,107544.2,107599.9,217.154,23360718.2236
2025-06-30 12:35:39.648,107599.9,107600.0,107532.3,107589.4,93.506,10057579.7369
2025-06-30 12:40:01.792,107589.4,107603.8,107572.3,107572.4,72.229,7771223.9016
2025-06-30 12:44:23.936,107572.4,107572.4,107509.5,107511.2,220.614,23725498.1194
2025-06-30 12:50:57.152,107511.2,107528.0,107496.0,107520.9,138.953,14938498.3326
2025-06-30 12:55:19.296,107520.9,107559.6,107513.1,107528.8,58.045,6241877.4198
2025-06-30 12:59:41.440,107528.8,107643.4,107521.7,107573.4,104.415,11233881.4209
2025-06-30 13:04:03.584,107573.4,107615.8,107561.0,107615.8,79.112,8511378.8304
2025-06-30 13:10:36.800,107615.8,107660.9,107615.7,107622.6,62.748,6754587.0863
2025-06-30 13:14:58.944,107622.6,107676.1,107620.0,107673.3,59.604,6415704.1776
2025-06-30 13:19:21.088,107673.3,107797.6,107661.0,107774.1,317.931,34255509.1052
2025-06-30 13:25:54.304,107774.1,107821.6,107721.3,107775.6,148.046,15952797.1458
2025-06-30 13:30:16.448,107775.6,107800.0,107574.3,107600.3,456.19,49123856.158
2025-06-30 13:34:38.592,107600.3,107712.4,107489.6,107618.0,397.175,42725711.9661
2025-06-30 13:39:00.736,107618.0,107647.5,107534.0,107563.9,169.3,18214959.867
2025-06-30 13:45:33.952,107563.9,107681.0,107488.0,107488.0,224.432,24143115.236
2025-06-30 13:49:56.096,107488.0,107578.2,107436.0,107524.3,408.213,43878807.5876
2025-06-30 13:54:18.240,107524.3,107551.2,107405.7,107475.7,307.5,33043719.6507
2025-06-30 14:00:51.456,107475.7,107538.4,107422.3,107466.5,144.038,15479002.3925
2025-06-30 14:05:13.600,107466.5,107466.5,107075.1,107135.3,1552.852,166502342.1433
2025-06-30 14:09:35.744,107135.3,107520.0,107086.4,107457.0,1112.994,119441067.1112
2025-06-30 14:13:57.888,107457.0,107605.9,107284.0,107345.2,640.045,68791348.4154
2025-06-30 14:20:31.104,107345.2,107359.8,107185.7,107290.5,426.853,45784267.4688
2025-06-30 14:24:53.248,107290.5,107298.2,107167.0,107283.8,375.875,40308213.9942
2025-06-30 14:29:15.392,107283.8,107292.4,107147.4,107194.4,313.955,33659643.906
2025-06-30 14:35:48.608,107194.4,107420.0,107188.6,107242.6,272.487,29242863.5736
2025-06-30 14:40:10.752,107242.6,107296.4,107163.0,107163.3,171.863,18430865.7964
2025-06-30 14:44:32.896,107163.3,107219.1,107089.1,107106.5,367.738,39400797.5049
2025-06-30 14:48:55.040,107106.5,107106.6,106850.0,106904.3,1543.723,165139560.9981
2025-06-30 14:55:28.256,106904.3,107050.0,106730.0,106772.3,1156.559,123583053.5431
2025-06-30 14:59:50.400,106772.3,106914.7,106761.4,106895.1,843.303,90096538.0392
2025-06-30 15:04:12.544,106895.1,106965.0,106853.9,106935.9,303.515,32445617.5769
2025-06-30 15:10:45.760,106935.9,107023.2,106768.4,106779.1,515.414,55074807.0689
2025-06-30 15:15:07.904,106779.1,106812.8,106677.3,106704.5,540.381,57677235.8631
2025-06-30 15:19:30.048,106704.5,106837.0,106677.0,106815.2,300.252,32059686.2433
2025-06-30 15:26:03.264,106815.2,107158.1,106794.0,107140.0,534.218,57157316.7866
2025-06-30 15:30:25.408,107140.0,107243.1,107031.3,107081.3,868.618,93065898.7701
2025-06-30 15:34:47.552,107081.3,107282.2,107055.0,107227.0,587.241,62942668.7355
2025-06-30 15:39:09.696,107227.0,107325.6,107226.0,107290.4,675.69,72491827.6243
2025-06-30 15:45:42.912,107290.4,107736.5,107290.3,107651.9,1545.39,166257489.2829
2025-06-30 15:50:05.056,107651.9,107749.4,107381.6,107417.5,827.653,89001829.727
2025-06-30 15:54:27.200,107417.5,107560.1,107417.5,107517.2,416.278,44744159.561
2025-06-30 16:01:00.416,107517.2,107547.5,107435.6,107445.4,319.246,34314687.6837
2025-06-30 16:05:22.560,107445.4,107634.3,107430.0,107634.2,308.417,33168226.6247
2025-06-30 16:09:44.704,107634.2,107769.3,107634.2,107725.8,406.259,43764002.519
2025-06-30 16:14:06.848,107725.8,107753.6,107533.3,107533.3,471.502,50765592.2965
2025-06-30 16:20:40.064,107533.3,107533.3,107244.7,107293.2,960.022,103068511.1714
2025-06-30 16:25:02.208,107293.2,107377.8,107216.0,107235.7,740.539,79456964.6852
2025-06-30 16:29:24.352,107235.7,107382.1,107230.0,107256.6,511.059,54846055.1944
2025-06-30 16:35:57.568,107256.6,107326.0,107243.2,107292.3,158.467,16999993.4522
2025-06-30 16:40:19.712,107292.3,107480.0,107292.3,107469.8,151.471,16273145.6477
2025-06-30 16:44:41.856,107469.8,107634.0,107469.8,107522.0,196.685,21153008.9548
2025-06-30 16:49:04.000,107522.0,107595.7,107451.3,107595.7,123.853,13316365.1128
2025-06-30 16:55:37.216,107595.7,107642.6,107537.0,107549.9,170.629,18358267.2131
2025-06-30 16:59:59.360,107549.9,107563.6,107532.0,107562.2,46.064,4954341.6591
2025-06-30 17:04:21.504,107562.2,107578.2,107484.0,107578.2,45.575,4900423.9654
2025-06-30 17:10:54.720,107578.2,107597.2,107485.5,107555.3,96.651,10394267.4773
2025-06-30 17:15:16.864,107555.3,107625.4,107475.5,107593.8,99.058,10655272.7863
2025-06-30 17:19:39.008,107593.8,107620.0,107461.3,107620.0,74.369,7999088.8082
2025-06-30 17:24:01.152,107620.0,107700.0,107620.0,107692.9,177.067,19065223.147
2025-06-30 17:30:34.368,107692.9,107701.7,107610.0,107654.9,161.952,17436665.0279
2025-06-30 17:34:56.512,107654.9,107655.0,107565.9,107650.0,41.254,4439257.737
2025-06-30 17:39:18.656,107650.0,107750.0,107619.8,107708.6,188.064,20259067.0178
2025-06-30 17:45:51.872,107708.6,107710.0,107545.4,107600.1,57.088,6144645.2474
2025-06-30 17:50:14.016,107600.1,107608.0,107472.8,107489.2,84.442,9079223.8409
2025-06-30 17:54:36.160,107489.2,107600.0,107363.8,107415.9,289.623,31125070.2351
2025-06-30 17:58:58.304,107415.9,107556.6,107415.9,107556.0,112.464,12086263.6844
2025-06-30 18:05:31.520,107556.0,107573.0,107420.0,107420.0,105.515,11339974.4018
2025-06-30 18:09:53.664,107420.0,107420.0,107304.1,107318.0,249.244,26752905.9694
2025-06-30 18:14:15.808,107318.0,107384.5,107296.3,107331.8,153.301,16454122.3723
2025-06-30 18:20:49.024,107331.8,107394.1,107243.2,107269.1,148.93,15981323.5268
2025-06-30 18:25:11.168,107269.1,107276.4,107232.9,107236.2,117.471,12599391.3318
2025-06-30 18:29:33.312,107236.2,107236.2,107057.9,107131.6,277.977,29784536.0636
2025-06-30 18:33:55.456,107131.6,107232.3,107125.5,107190.0,96.203,10311125.2388
2025-06-30 18:40:28.672,107190.0,107212.7,107119.0,107212.6,79.406,8509810.0689
2025-06-30 18:44:50.816,107212.6,107275.1,107156.0,107161.5,80.102,8588384.2123
2025-06-30 18:49:12.960,107161.5,107217.7,107156.0,107168.0,46.389,4971987.3637
2025-06-30 18:55:46.176,107168.0,107217.6,107168.0,107186.2,45.518,4879582.9017
2025-06-30 19:00:08.320,107186.2,107332.9,107155.1,107301.1,157.414,16884660.2846
2025-06-30 19:04:30.464,107301.1,107313.4,107228.0,107280.0,87.71,9408317.071
2025-06-30 19:11:03.680,107280.0,107350.0,107277.6,107344.7,33.726,3619164.1729
2025-06-30 19:15:25.824,107344.7,107435.1,107333.0,107370.1,133.422,14327049.1861
2025-06-30 19:19:47.968,107370.1,107500.0,107370.0,107494.0,119.983,12892142.6037
2025-06-30 19:24:10.112,107494.0,107538.8,107463.0,107463.0,227.722,24483832.2348
2025-06-30 19:30:43.328,107463.0,107497.8,107408.9,107479.8,131.39,14120196.2142
2025-06-30 19:35:05.472,107479.8,107500.7,107382.5,107382.5,113.868,12237027.2185
2025-06-30 19:39:27.616,107382.5,107447.1,107381.8,107405.3,59.339,6373770.4207
2025-06-30 19:46:00.832,107405.3,107495.3,107382.6,107460.1,61.182,6572398.1748
2025-06-30 19:50:22.976,107460.1,107520.0,107405.5,107520.0,50.051,5379491.1797
2025-06-30 19:54:45.120,107520.0,107744.9,107435.6,107686.3,572.243,61582101.7601
2025-06-30 19:59:07.264,107686.3,107724.5,107411.0,107411.0,306.301,32950498.2173
2025-06-30 20:05:40.480,107411.0,107603.4,107411.0,107560.3,89.048,9576158.8299
2025-06-30 20:10:02.624,107560.3,107591.0,107510.8,107510.9,59.733,6424498.7947
2025-06-30 20:14:24.768,107510.9,107590.0,107510.8,107535.7,56.251,6050296.8656
2025-06-30 20:20:57.984,107535.7,107550.0,107514.3,107526.4,32.174,3459671.7549
2025-06-30 20:25:20.128,107526.4,107572.1,107483.5,107524.1,62.5,6720581.5194
2025-06-30 20:29:42.272,107524.1,107583.4,107524.1,107583.4,34.661,3728026.15
2025-06-30 20:34:04.416,107583.4,107599.0,107551.5,107562.7,39.534,4253198.7751
2025-06-30 20:40:37.632,107562.7,107562.7,107494.6,107494.7,36.724,3948556.9874
2025-06-30 20:44:59.776,107494.7,107570.3,107494.6,107557.3,39.74,4273220.3848
2025-06-30 20:49:21.920,107557.3,107557.4,107503.4,107503.4,18.689,2009729.0347
2025-06-30 20:55:55.136,107503.4,107541.8,107480.8,107538.2,148.384,15952619.1853
2025-06-30 21:00:17.280,107538.2,107553.3,107453.0,107453.0,142.465,15317330.636
2025-06-30 21:04:39.424,107453.0,107453.1,107384.3,107385.1,100.564,10802779.8857
2025-06-30 21:09:01.568,107385.1,107428.5,107385.0,107428.4,47.52,5103589.0824
2025-06-30 21:15:34.784,107428.4,107428.5,107410.0,107410.0,41.818,4491952.2532
2025-06-30 21:19:56.928,107410.0,107410.1,107312.4,107312.4,54.042,5801792.8913
2025-06-30 21:24:19.072,107312.4,107357.8,107305.0,107305.0,52.672,5653338.5534
2025-06-30 21:30:52.288,107305.0,107317.7,107305.0,107317.7,21.752,2334304.0207
2025-06-30 21:35:14.432,107317.7,107339.2,107317.6,107331.6,36.028,3866825.202
2025-06-30 21:39:36.576,107331.6,107331.6,107277.6,107303.5,51.797,5558025.1215
2025-06-30 21:43:58.720,107303.5,107303.6,107201.5,107281.1,75.578,8105839.4569
2025-06-30 21:50:31.936,107281.1,107281.1,106902.3,107031.3,535.042,57267111.8883
2025-06-30 21:54:54.080,107031.3,107147.9,106858.8,107061.4,349.259,37375817.1343
2025-06-30 21:59:16.224,107061.4,107253.0,106953.3,107198.0,234.643,25134183.0175
2025-06-30 22:05:49.440,107198.0,107220.3,107091.5,107180.6,106.931,11456594.8301
2025-06-30 22:10:11.584,107180.6,107187.5,107142.1,107142.1,10.25,1098581.9955
