ts,open,high,low,close,vol,turn
2025-01-17 16:00:00+00:00,3420.89,3448.12,3405.84,3431.37,170910.21,585795211.4759
2025-01-17 20:00:00+00:00,3431.37,3526.02,3424.23,3472.89,292746.33,1020645631.0186
2025-01-18 00:00:00+00:00,3472.89,3493.8,3366.03,3382.78,190763.1,654701066.7058
2025-01-18 04:00:00+00:00,3382.78,3394.11,3278.14,3285.79,330898.54,1101140788.8254
2025-01-18 08:00:00+00:00,3285.79,3323.13,3225.63,3310.3,335406.15,1096803958.0669
2025-01-18 12:00:00+00:00,3310.3,3346.38,3272.69,3305.75,275278.65,911681855.676
2025-01-18 16:00:00+00:00,3305.75,3315.25,3248.0,3288.7,228127.92,747880042.2509
2025-01-18 20:00:00+00:00,3288.7,3320.0,3256.15,3306.76,101148.33,332259276.2247
2025-01-19 00:00:00+00:00,3306.76,3377.58,3297.47,3334.84,175994.78,588148654.3554
2025-01-19 04:00:00+00:00,3334.84,3337.46,3257.8,3274.76,215931.07,709936403.7805
2025-01-19 08:00:00+00:00,3274.76,3276.79,3129.14,3149.39,479212.06,1528389665.3459
2025-01-19 12:00:00+00:00,3149.39,3425.77,3143.83,3383.83,786528.38,2610059814.7025
2025-01-19 16:00:00+00:00,3383.83,3449.76,3377.87,3419.49,254640.23,870050735.6757
2025-01-19 20:00:00+00:00,3419.49,3433.16,3150.0,3213.88,921721.31,3003539138.6995
2025-01-20 00:00:00+00:00,3213.88,3281.28,3141.0,3272.02,529486.96,1699426414.2948
2025-01-20 04:00:00+00:00,3272.02,3456.19,3249.44,3383.13,478409.24,1609944785.9035
2025-01-20 08:00:00+00:00,3383.13,3414.42,3333.75,3376.19,297343.51,1004027300.3618
2025-01-20 12:00:00+00:00,3376.19,3380.98,3256.88,3336.18,511803.84,1702207290.0101
2025-01-20 16:00:00+00:00,3336.18,3391.66,3202.37,3343.79,906470.02,2996538520.5564
2025-01-20 20:00:00+00:00,3343.79,3345.0,3254.56,3283.8,242498.64,800995327.4635
2025-01-21 00:00:00+00:00,3283.8,3290.26,3201.36,3262.64,248013.14,805078196.4228
2025-01-21 04:00:00+00:00,3262.64,3265.96,3212.14,3253.99,134300.83,434983487.6997
2025-01-21 08:00:00+00:00,3253.99,3314.86,3233.14,3305.16,151226.44,496450396.7221
2025-01-21 12:00:00+00:00,3305.16,3335.81,3262.94,3294.62,288173.26,951218044.9007
2025-01-21 16:00:00+00:00,3294.62,3368.95,3289.93,3332.2,249410.35,831035258.6854
2025-01-21 20:00:00+00:00,3332.2,3347.48,3301.2,3327.01,123032.57,408689567.3706
2025-01-22 00:00:00+00:00,3327.01,3366.39,3320.12,3331.0,103125.61,344380753.3378
2025-01-22 04:00:00+00:00,3331.0,3339.59,3283.83,3287.0,106074.06,351002583.6264
2025-01-22 08:00:00+00:00,3287.0,3329.96,3272.05,3325.95,99916.74,329747933.2389
2025-01-22 12:00:00+00:00,3325.95,3332.0,3266.0,3277.73,208385.54,686028534.5895
2025-01-22 16:00:00+00:00,3277.73,3291.28,3237.28,3261.48,161752.59,528639810.9851
2025-01-22 20:00:00+00:00,3261.48,3276.36,3221.06,3241.94,139344.29,452823652.3014
2025-01-23 00:00:00+00:00,3241.94,3261.09,3202.63,3225.43,126558.28,408807847.9406
2025-01-23 04:00:00+00:00,3225.43,3232.15,3181.84,3231.81,110261.16,353714540.865
2025-01-23 08:00:00+00:00,3231.81,3231.85,3186.5,3212.05,101912.97,326784197.4417
2025-01-23 12:00:00+00:00,3212.05,3286.49,3187.2,3258.0,359598.11,1165918638.6188
2025-01-23 16:00:00+00:00,3258.0,3297.61,3192.63,3203.02,267244.01,868376403.6635
2025-01-23 20:00:00+00:00,3203.02,3348.94,3193.69,3338.31,554078.48,1811610128.7951
2025-01-24 00:00:00+00:00,3338.31,3349.86,3274.0,3300.81,202038.4,667676578.8139
2025-01-24 04:00:00+00:00,3300.81,3420.69,3290.91,3380.81,218271.64,736328922.9457
2025-01-24 08:00:00+00:00,3380.81,3416.94,3375.0,3399.2,128686.05,437713365.1599
2025-01-24 12:00:00+00:00,3399.2,3430.95,3354.41,3383.1,210382.6,713868754.5162
2025-01-24 16:00:00+00:00,3383.1,3409.7,3363.64,3367.77,139482.73,472281793.5483
2025-01-24 20:00:00+00:00,3367.77,3378.05,3302.14,3308.51,187364.05,624621620.397
2025-01-25 00:00:00+00:00,3308.51,3323.6,3267.07,3318.52,123134.53,405642653.1265
2025-01-25 04:00:00+00:00,3318.52,3319.14,3281.69,3289.76,55549.55,183007247.8652
2025-01-25 08:00:00+00:00,3289.76,3310.55,3270.06,3305.72,79288.65,260762615.446
2025-01-25 12:00:00+00:00,3305.72,3343.81,3292.73,3333.24,105296.4,349746484.9552
2025-01-25 16:00:00+00:00,3333.24,3349.66,3328.62,3339.09,86889.8,290076996.8622
2025-01-25 20:00:00+00:00,3339.09,3349.88,3312.95,3317.99,65069.0,216806028.0495
2025-01-26 00:00:00+00:00,3317.99,3349.84,3312.09,3337.79,54052.42,179918600.2747
2025-01-26 04:00:00+00:00,3337.79,3361.63,3328.62,3337.73,70595.2,236150188.8239
2025-01-26 08:00:00+00:00,3337.73,3343.13,3289.24,3310.66,100574.98,332922844.7828
2025-01-26 12:00:00+00:00,3310.66,3320.05,3295.85,3313.95,54595.71,180505443.1017
2025-01-26 16:00:00+00:00,3313.95,3344.0,3306.44,3337.95,64292.41,213998501.2986
2025-01-26 20:00:00+00:00,3337.95,3342.0,3227.3,3230.5,201059.02,658627278.8777
2025-01-27 00:00:00+00:00,3230.5,3252.97,3158.3,3181.92,270867.18,866532654.2983
2025-01-27 04:00:00+00:00,3181.92,3181.92,3017.8,3068.83,488818.77,1514195017.1703
2025-01-27 08:00:00+00:00,3068.83,3089.1,3032.21,3057.11,222663.78,681779536.9487
2025-01-27 12:00:00+00:00,3057.11,3151.62,3051.56,3132.13,344133.79,1070980673.5474
2025-01-27 16:00:00+00:00,3132.13,3132.13,3045.0,3074.54,197838.16,609611511.7326
2025-01-27 20:00:00+00:00,3074.54,3238.0,3071.49,3181.17,247110.84,781376922.6206
2025-01-28 00:00:00+00:00,3181.17,3217.22,3150.05,3201.93,133553.8,425292271.8898
2025-01-28 04:00:00+00:00,3201.93,3222.29,3187.25,3194.6,98223.43,314867079.1795
2025-01-28 08:00:00+00:00,3194.6,3206.73,3175.66,3185.25,96099.69,306677680.2441
2025-01-28 12:00:00+00:00,3185.25,3214.89,3154.08,3179.78,150941.76,479906817.9375
2025-01-28 16:00:00+00:00,3179.78,3181.92,3119.19,3146.04,192700.63,607654549.6669
2025-01-28 20:00:00+00:00,3146.04,3155.1,3037.34,3075.78,275841.08,850743189.8006
2025-01-29 00:00:00+00:00,3075.78,3132.31,3074.75,3129.2,101153.84,314524927.9146
2025-01-29 04:00:00+00:00,3129.2,3158.97,3115.45,3155.71,74564.94,233944465.9195
2025-01-29 08:00:00+00:00,3155.71,3163.33,3118.0,3133.93,86620.53,271838817.856
2025-01-29 12:00:00+00:00,3133.93,3138.89,3078.35,3099.39,145355.98,451418342.9354
2025-01-29 16:00:00+00:00,3099.39,3151.89,3051.79,3124.83,397112.59,1233318251.5158
2025-01-29 20:00:00+00:00,3124.83,3182.0,3087.2,3112.02,306020.35,959397503.2599
2025-01-30 00:00:00+00:00,3112.02,3201.76,3088.95,3200.42,139238.23,437903232.7123
2025-01-30 04:00:00+00:00,3200.42,3214.91,3176.9,3189.51,117723.55,375927397.3165
2025-01-30 08:00:00+00:00,3189.51,3229.41,3179.68,3221.86,106535.02,342123845.9121
2025-01-30 12:00:00+00:00,3221.86,3281.0,3208.15,3254.53,284054.07,924394651.6692
2025-01-30 16:00:00+00:00,3254.53,3282.88,3247.65,3270.59,119205.62,389431132.3903
2025-01-30 20:00:00+00:00,3270.59,3272.36,3226.07,3246.19,115210.54,374213683.0959
2025-01-31 00:00:00+00:00,3246.19,3279.56,3219.11,3229.6,149627.02,486343103.303
2025-01-31 04:00:00+00:00,3229.6,3276.64,3212.11,3240.52,125928.0,408703771.0927
2025-01-31 08:00:00+00:00,3240.52,3338.89,3232.6,3334.8,227215.91,747218642.2885
2025-01-31 12:00:00+00:00,3334.8,3427.48,3324.5,3426.56,396602.71,1334565751.5593
2025-01-31 16:00:00+00:00,3426.56,3437.11,3292.5,3337.79,554533.29,1859943148.1305
2025-01-31 20:00:00+00:00,3337.79,3337.79,3276.63,3299.52,316255.12,1044804448.194
2025-02-01 00:00:00+00:00,3299.52,3331.12,3281.23,3290.7,131539.95,434936787.9089
2025-02-01 04:00:00+00:00,3290.7,3305.86,3270.65,3278.57,98188.79,322898930.0776
2025-02-01 08:00:00+00:00,3278.57,3284.99,3222.15,3250.0,229996.32,747001837.423
2025-02-01 12:00:00+00:00,3250.0,3271.79,3226.21,3249.58,132391.78,430360145.9748
2025-02-01 16:00:00+00:00,3249.58,3266.18,3175.83,3195.1,227339.14,732761994.7766
2025-02-01 20:00:00+00:00,3195.1,3195.11,3099.16,3115.36,313086.73,985316723.1864
2025-02-02 00:00:00+00:00,3115.36,3161.93,3066.45,3075.72,226651.93,705590326.2987
2025-02-02 04:00:00+00:00,3075.72,3137.11,3072.16,3099.71,170721.53,529816727.6918
2025-02-02 08:00:00+00:00,3099.71,3122.47,3050.01,3063.31,197502.23,609924550.5355
2025-02-02 12:00:00+00:00,3063.31,3100.66,3047.34,3079.49,155857.14,478920780.6681
2025-02-02 16:00:00+00:00,3079.49,3080.69,2892.3,2957.38,770117.25,2289228920.0279
2025-02-02 20:00:00+00:00,2957.38,2985.7,2740.67,2868.61,752909.86,2154943456.0522
2025-02-03 00:00:00+00:00,2868.61,2871.84,2079.0,2525.55,2680196.74,6815388080.8479
2025-02-03 04:00:00+00:00,2525.55,2630.71,2445.45,2620.01,548163.17,1380459251.9956
2025-02-03 08:00:00+00:00,2620.01,2620.02,2523.14,2579.5,542759.51,1399851568.0611
2025-02-03 12:00:00+00:00,2579.5,2726.41,2526.74,2698.92,1063883.19,2786158896.8408
2025-02-03 16:00:00+00:00,2698.92,2769.25,2664.87,2762.72,535238.61,1451433390.1574
2025-02-03 20:00:00+00:00,2762.72,2921.18,2693.9,2878.06,677742.22,1905110834.1081
2025-02-04 00:00:00+00:00,2878.06,2887.45,2790.89,2809.84,220950.08,626602628.5752
2025-02-04 04:00:00+00:00,2809.84,2836.0,2659.87,2702.49,564377.68,1534109725.6805
2025-02-04 08:00:00+00:00,2702.49,2789.16,2675.27,2756.99,338498.42,924235988.666
2025-02-04 12:00:00+00:00,2756.99,2844.37,2728.3,2775.94,607672.82,1699193870.5505
2025-02-04 16:00:00+00:00,2775.94,2868.6,2763.04,2769.17,446700.94,1255441943.5784
2025-02-04 20:00:00+00:00,2769.17,2793.34,2629.62,2730.0,654630.49,1769051563.4618
2025-02-05 00:00:00+00:00,2730.0,2767.46,2697.0,2718.85,313734.92,856867768.7364
2025-02-05 04:00:00+00:00,2718.85,2786.7,2707.12,2758.52,268588.21,738421359.2554
2025-02-05 08:00:00+00:00,2758.52,2817.94,2745.01,2799.08,310840.04,863613430.109
2025-02-05 12:00:00+00:00,2799.08,2827.81,2755.54,2772.13,335492.76,936414421.3602
2025-02-05 16:00:00+00:00,2772.13,2787.0,2713.45,2774.7,382459.91,1051292751.2324
2025-02-05 20:00:00+00:00,2774.7,2802.35,2736.92,2787.1,222315.24,616080181.6917
2025-02-06 00:00:00+00:00,2787.1,2818.54,2753.45,2805.15,160003.53,446826163.796
2025-02-06 04:00:00+00:00,2805.15,2855.0,2804.2,2830.46,136983.0,388006219.6541
2025-02-06 08:00:00+00:00,2830.46,2857.1,2791.66,2802.29,175616.88,496199030.5332
2025-02-06 12:00:00+00:00,2802.29,2806.9,2680.66,2704.27,483717.78,1328681273.2105
2025-02-06 16:00:00+00:00,2704.27,2725.5,2670.83,2688.47,330693.89,892926102.0897
2025-02-06 20:00:00+00:00,2688.47,2724.75,2651.74,2685.3,219538.34,590443922.2322
2025-02-07 00:00:00+00:00,2685.3,2738.48,2677.0,2714.52,168457.97,456437488.21
2025-02-07 04:00:00+00:00,2714.52,2729.55,2666.66,2711.92,142274.42,384769545.8399
2025-02-07 08:00:00+00:00,2711.92,2763.78,2703.34,2761.6,122793.32,336353819.5943
2025-02-07 12:00:00+00:00,2761.6,2797.04,2708.1,2720.13,499142.85,1374531614.6975
2025-02-07 16:00:00+00:00,2720.13,2726.34,2654.01,2657.79,310484.54,833705870.9739
2025-02-07 20:00:00+00:00,2657.79,2660.39,2559.81,2620.47,424678.9,1104722443.8705
2025-02-08 00:00:00+00:00,2620.47,2667.03,2613.63,2640.29,195625.86,516554985.4096
2025-02-08 04:00:00+00:00,2640.29,2647.96,2592.61,2628.49,143493.08,375933695.8886
2025-02-08 08:00:00+00:00,2628.49,2631.35,2600.12,2612.0,105574.55,276054669.7443
2025-02-08 12:00:00+00:00,2612.0,2635.75,2587.11,2603.82,122389.15,319452942.7992
2025-02-08 16:00:00+00:00,2603.82,2648.92,2588.38,2636.52,116283.86,305133978.3997
2025-02-08 20:00:00+00:00,2636.52,2644.78,2622.57,2631.25,46486.36,122470692.0975
2025-02-09 00:00:00+00:00,2631.25,2698.55,2625.54,2677.25,137088.42,364542603.1086
2025-02-09 04:00:00+00:00,2677.25,2677.49,2647.51,2661.44,65103.31,173294285.5603
2025-02-09 08:00:00+00:00,2661.44,2672.5,2649.6,2653.7,55705.73,148258850.3711
2025-02-09 12:00:00+00:00,2653.7,2660.76,2609.46,2651.79,146493.17,386240959.5809
2025-02-09 16:00:00+00:00,2651.79,2665.52,2615.3,2622.79,87414.44,231019729.3229
2025-02-09 20:00:00+00:00,2622.79,2648.42,2518.0,2626.18,493790.98,1273394318.1003
2025-02-10 00:00:00+00:00,2626.18,2657.91,2558.14,2624.69,316453.81,825033704.1169
2025-02-10 04:00:00+00:00,2624.69,2659.8,2617.16,2636.18,110916.41,292193120.3247
2025-02-10 08:00:00+00:00,2636.18,2661.65,2633.68,2652.25,106303.92,281455609.4053
2025-02-10 12:00:00+00:00,2652.25,2683.49,2629.54,2657.49,236958.9,629184354.5641
2025-02-10 16:00:00+00:00,2657.49,2692.95,2648.81,2671.23,140350.94,374952670.2224
2025-02-10 20:00:00+00:00,2671.23,2685.48,2650.03,2660.12,76822.91,204766943.1787
2025-02-11 00:00:00+00:00,2660.12,2724.68,2659.36,2677.79,231426.42,622589068.8488
2025-02-11 04:00:00+00:00,2677.79,2724.04,2674.96,2710.46,117794.2,318464459.3389
2025-02-11 08:00:00+00:00,2710.46,2720.21,2690.37,2707.62,97221.3,262935266.8986
2025-02-11 12:00:00+00:00,2707.62,2709.32,2625.0,2661.48,245353.99,652912444.9389
2025-02-11 16:00:00+00:00,2661.48,2670.41,2581.28,2588.7,268689.3,703918969.969
2025-02-11 20:00:00+00:00,2588.7,2630.0,2555.86,2601.17,229264.05,596013496.9467
2025-02-12 00:00:00+00:00,2601.17,2623.52,2567.4,2585.55,124558.19,323377402.4479
2025-02-12 04:00:00+00:00,2585.55,2622.88,2575.69,2617.2,101381.97,263530365.6217
2025-02-12 08:00:00+00:00,2617.2,2638.8,2608.97,2625.81,103006.65,270310499.4044
2025-02-12 12:00:00+00:00,2625.81,2664.28,2545.01,2605.75,652706.08,1693937382.0075
2025-02-12 16:00:00+00:00,2605.75,2683.88,2582.0,2677.49,305602.25,809888995.9484
2025-02-12 20:00:00+00:00,2677.49,2796.09,2668.46,2737.59,437521.46,1194692143.5121
2025-02-13 00:00:00+00:00,2737.59,2757.62,2714.73,2743.54,131950.11,360915979.2203
2025-02-13 04:00:00+00:00,2743.54,2745.0,2670.85,2679.99,166789.93,450571378.7679
2025-02-13 08:00:00+00:00,2679.99,2687.76,2648.35,2654.85,195079.53,520428317.3983
2025-02-13 12:00:00+00:00,2654.85,2677.08,2611.0,2646.59,451072.6,1193621513.4783
2025-02-13 16:00:00+00:00,2646.59,2660.66,2611.43,2639.64,170542.49,449386257.684
2025-02-13 20:00:00+00:00,2639.64,2678.92,2639.03,2674.54,94114.79,250525302.8544
2025-02-14 00:00:00+00:00,2674.54,2721.0,2663.01,2714.46,127341.0,342770720.0811
2025-02-14 04:00:00+00:00,2714.46,2716.02,2687.78,2697.86,80627.99,217646296.2145
2025-02-14 08:00:00+00:00,2697.86,2715.97,2680.6,2683.86,121498.32,328348462.4077
2025-02-14 12:00:00+00:00,2683.86,2747.0,2675.96,2733.51,239888.07,649557541.6334
2025-02-14 16:00:00+00:00,2733.51,2791.47,2707.99,2736.96,289075.8,795979118.8762
2025-02-14 20:00:00+00:00,2736.96,2750.82,2704.23,2724.37,171518.51,468051139.074
2025-02-15 00:00:00+00:00,2724.37,2738.1,2702.28,2723.2,74972.4,204007272.0372
2025-02-15 04:00:00+00:00,2723.2,2732.55,2692.12,2696.0,84217.81,228275029.2408
2025-02-15 08:00:00+00:00,2696.0,2713.78,2693.99,2707.18,65537.15,177117200.2853
2025-02-15 12:00:00+00:00,2707.18,2713.0,2657.0,2689.91,142386.51,382782612.4987
2025-02-15 16:00:00+00:00,2689.91,2707.01,2677.47,2690.55,69695.92,187562037.5983
2025-02-15 20:00:00+00:00,2690.55,2703.57,2677.51,2691.67,63236.09,170128646.3578
2025-02-16 00:00:00+00:00,2691.67,2704.82,2685.89,2697.99,45765.19,123320917.4411
2025-02-16 04:00:00+00:00,2697.99,2726.65,2688.56,2694.25,84074.46,227432788.4673
2025-02-16 08:00:00+00:00,2694.25,2712.19,2687.37,2710.07,67488.78,182243771.6698
2025-02-16 12:00:00+00:00,2710.07,2711.67,2675.2,2692.92,105651.1,284396273.664
2025-02-16 16:00:00+00:00,2692.92,2702.34,2657.69,2682.23,105593.37,282876088.9269
2025-02-16 20:00:00+00:00,2682.23,2688.48,2650.14,2659.95,111092.6,296422300.7462
2025-02-17 00:00:00+00:00,2659.95,2682.78,2656.12,2670.5,77300.01,206220075.9987
2025-02-17 04:00:00+00:00,2670.5,2694.59,2636.22,2680.49,153472.86,409629063.5551
2025-02-17 08:00:00+00:00,2680.49,2774.25,2675.1,2754.4,300592.56,822495168.8052
2025-02-17 12:00:00+00:00,2754.4,2849.0,2745.0,2754.56,518935.7,1450195000.0543
2025-02-17 16:00:00+00:00,2754.56,2764.72,2685.36,2716.32,397616.27,1083041008.5037
2025-02-17 20:00:00+00:00,2716.32,2777.75,2715.01,2742.89,160725.23,441681860.0378
2025-02-18 00:00:00+00:00,2742.89,2756.31,2705.3,2710.25,159415.01,433964107.0344
2025-02-18 04:00:00+00:00,2710.25,2716.53,2650.02,2671.25,264650.06,707878036.7076
2025-02-18 08:00:00+00:00,2671.25,2705.4,2651.62,2678.02,153002.63,410324725.1531
2025-02-18 12:00:00+00:00,2678.02,2732.75,2655.92,2672.17,310392.47,835244066.8546
2025-02-18 16:00:00+00:00,2672.17,2683.79,2601.51,2628.72,439091.88,1156484765.7381
2025-02-18 20:00:00+00:00,2628.72,2671.39,2616.61,2670.77,152754.89,404539565.802
2025-02-19 00:00:00+00:00,2670.77,2699.41,2654.29,2692.74,111424.63,298182473.8044
2025-02-19 04:00:00+00:00,2692.74,2716.33,2663.19,2707.07,170690.2,459272980.9297
2025-02-19 08:00:00+00:00,2707.07,2735.96,2703.28,2726.2,177697.96,483725716.5778
2025-02-19 12:00:00+00:00,2726.2,2730.0,2675.54,2695.69,223366.87,603936355.4259
2025-02-19 16:00:00+00:00,2695.69,2723.71,2692.95,2710.83,130777.83,353928911.7521
2025-02-19 20:00:00+00:00,2710.83,2733.92,2702.98,2713.98,98300.52,267198585.0325
2025-02-20 00:00:00+00:00,2713.98,2750.87,2707.8,2740.49,121234.34,331059139.3311
2025-02-20 04:00:00+00:00,2740.49,2757.6,2720.83,2729.01,104813.85,286664834.635
2025-02-20 08:00:00+00:00,2729.01,2745.94,2723.93,2739.56,88553.77,242163431.0373
2025-02-20 12:00:00+00:00,2739.56,2769.73,2705.01,2710.78,265437.55,726961413.1253
2025-02-20 16:00:00+00:00,2710.78,2767.81,2705.33,2746.51,191836.8,524388200.5346
2025-02-20 20:00:00+00:00,2746.51,2760.47,2720.13,2736.79,95528.51,261615215.0451
2025-02-21 00:00:00+00:00,2736.79,2748.35,2724.04,2743.03,75408.47,206433496.7497
2025-02-21 04:00:00+00:00,2743.03,2769.24,2743.02,2755.09,80328.93,221319745.418
2025-02-21 08:00:00+00:00,2755.09,2830.59,2746.5,2787.11,318072.66,887609256.8156
2025-02-21 12:00:00+00:00,2787.11,2844.95,2672.0,2722.29,840428.86,2327115509.9627
2025-02-21 16:00:00+00:00,2722.29,2769.99,2623.49,2638.68,654147.71,1765396699.7171
2025-02-21 20:00:00+00:00,2638.68,2665.0,2616.76,2663.96,209953.03,554862295.7765
2025-02-22 00:00:00+00:00,2663.96,2691.76,2653.91,2676.0,106293.9,284504508.2201
2025-02-22 04:00:00+00:00,2676.0,2698.09,2673.14,2685.46,77381.17,207913243.5183
2025-02-22 08:00:00+00:00,2685.46,2757.84,2677.5,2734.9,205169.15,559182050.537
2025-02-22 12:00:00+00:00,2734.9,2787.75,2723.22,2777.46,158465.5,435432695.4817
2025-02-22 16:00:00+00:00,2777.46,2800.42,2756.82,2771.7,207781.19,578077617.2687
2025-02-22 20:00:00+00:00,2771.7,2779.6,2759.73,2764.75,59081.97,163638742.4397
2025-02-23 00:00:00+00:00,2764.75,2777.98,2746.0,2753.81,88084.9,243013324.224
2025-02-23 04:00:00+00:00,2753.81,2830.0,2747.3,2826.19,180019.56,504234334.9009
2025-02-23 08:00:00+00:00,2826.19,2833.0,2783.61,2798.91,155796.74,437351451.8773
2025-02-23 12:00:00+00:00,2798.91,2827.92,2772.7,2783.28,239408.61,670206137.6418
2025-02-23 16:00:00+00:00,2783.28,2824.45,2782.32,2807.28,133365.76,374693169.6636
2025-02-23 20:00:00+00:00,2807.28,2859.79,2785.01,2819.85,170144.85,479299292.9504
2025-02-24 00:00:00+00:00,2819.85,2841.03,2710.16,2716.8,290536.99,804529430.8191
2025-02-24 04:00:00+00:00,2716.8,2735.33,2690.57,2721.18,222668.02,604248477.3527
2025-02-24 08:00:00+00:00,2721.18,2721.95,2661.57,2689.0,303892.34,816828666.0905
2025-02-24 12:00:00+00:00,2689.0,2695.97,2633.02,2658.09,331509.83,883497626.4761
2025-02-24 16:00:00+00:00,2658.09,2683.0,2620.67,2639.94,219411.81,582498149.9856
2025-02-24 20:00:00+00:00,2639.94,2662.76,2464.11,2512.18,587275.21,1507716438.8882
2025-02-25 00:00:00+00:00,2512.18,2529.45,2455.19,2493.93,422622.38,1054738591.8591
2025-02-25 04:00:00+00:00,2493.93,2511.8,2309.81,2365.81,702361.33,1690937153.9829
2025-02-25 08:00:00+00:00,2365.81,2439.76,2355.46,2433.38,497833.0,1190986351.4903
2025-02-25 12:00:00+00:00,2433.38,2449.56,2360.34,2409.33,446439.29,1073638966.7453
2025-02-25 16:00:00+00:00,2409.33,2473.7,2382.59,2471.39,295729.18,716199538.1937
2025-02-25 20:00:00+00:00,2471.39,2534.48,2457.01,2495.48,252116.44,630572658.3232
2025-02-26 00:00:00+00:00,2495.48,2508.0,2471.59,2490.78,136974.83,340713205.4961
2025-02-26 04:00:00+00:00,2490.78,2506.47,2474.83,2483.2,113200.14,281772332.0367
2025-02-26 08:00:00+00:00,2483.2,2495.26,2456.66,2464.24,148394.91,367368506.8069
2025-02-26 12:00:00+00:00,2464.24,2466.49,2367.38,2427.29,536386.8,1296789539.5959
2025-02-26 16:00:00+00:00,2427.29,2432.92,2261.81,2294.61,733605.29,1710148665.6595
2025-02-26 20:00:00+00:00,2294.61,2382.72,2251.01,2334.78,482139.56,1117643640.1904
2025-02-27 00:00:00+00:00,2334.78,2369.48,2313.38,2330.72,193345.35,452152676.7893
2025-02-27 04:00:00+00:00,2330.72,2372.73,2301.42,2355.34,186903.58,437315115.9331
2025-02-27 08:00:00+00:00,2355.34,2381.44,2342.02,2352.69,158092.15,373333001.1131
2025-02-27 12:00:00+00:00,2352.69,2361.51,2288.81,2322.05,295041.98,687358713.3087
2025-02-27 16:00:00+00:00,2322.05,2336.41,2276.8,2290.81,220708.09,509596149.0705
2025-02-27 20:00:00+00:00,2290.81,2310.69,2228.66,2306.38,329108.66,746019947.8033
2025-02-28 00:00:00+00:00,2306.38,2313.12,2120.0,2145.6,778418.79,1707085369.5846
2025-02-28 04:00:00+00:00,2145.6,2154.27,2071.87,2105.01,652558.46,1379682097.9479
2025-02-28 08:00:00+00:00,2105.01,2151.13,2075.0,2124.02,339261.66,718543271.7574
2025-02-28 12:00:00+00:00,2124.02,2228.24,2103.55,2222.22,424217.86,916912994.1486
2025-02-28 16:00:00+00:00,2222.22,2254.92,2191.73,2229.12,267279.77,594045751.3732
2025-02-28 20:00:00+00:00,2229.12,2238.7,2197.38,2236.39,117687.09,261098696.2782
2025-03-01 00:00:00+00:00,2236.39,2274.67,2212.01,2261.52,140962.28,316853173.3594
2025-03-01 04:00:00+00:00,2261.52,2279.97,2223.14,2227.98,168227.68,378921958.8585
2025-03-01 08:00:00+00:00,2227.98,2238.86,2169.41,2183.1,205046.27,452862515.6741
2025-03-01 12:00:00+00:00,2183.1,2186.87,2141.52,2172.4,234634.81,507848689.5623
2025-03-01 16:00:00+00:00,2172.4,2234.21,2168.04,2222.18,203755.89,448708946.2098
2025-03-01 20:00:00+00:00,2222.18,2235.68,2189.94,2216.56,141106.5,312632477.5725
2025-03-02 00:00:00+00:00,2216.56,2229.73,2200.0,2218.85,114759.88,254319587.9081
2025-03-02 04:00:00+00:00,2218.85,2234.44,2216.48,2220.51,86333.19,192109740.8083
2025-03-02 08:00:00+00:00,2220.51,2260.51,2207.19,2237.85,155022.22,346590204.898
2025-03-02 12:00:00+00:00,2237.85,2291.7,2171.17,2229.19,518186.86,1156197669.8707
2025-03-02 16:00:00+00:00,2229.19,2519.87,2211.64,2486.72,1394302.89,3375996417.2664
2025-03-02 20:00:00+00:00,2486.72,2552.83,2480.06,2518.56,309602.89,778904805.7282
2025-03-03 00:00:00+00:00,2518.56,2524.4,2418.28,2441.0,260936.32,641811738.6736
2025-03-03 04:00:00+00:00,2441.0,2457.6,2352.36,2386.44,308170.27,737208243.3936
2025-03-03 08:00:00+00:00,2386.44,2387.51,2321.01,2355.84,244099.74,573831176.5729
2025-03-03 12:00:00+00:00,2355.84,2388.86,2265.07,2286.91,489987.96,1139756491.4091
2025-03-03 16:00:00+00:00,2286.91,2296.71,2094.11,2107.71,750254.78,1650132173.6486
2025-03-03 20:00:00+00:00,2107.71,2172.63,2095.32,2147.78,351902.58,749608174.5857
2025-03-04 00:00:00+00:00,2147.78,2166.16,2000.96,2074.07,643108.52,1330105851.917
2025-03-04 04:00:00+00:00,2074.07,2121.86,2066.76,2079.69,281971.36,589650254.0736
2025-03-04 08:00:00+00:00,2079.69,2117.84,2070.0,2100.43,203335.43,426377113.6609
2025-03-04 12:00:00+00:00,2100.43,2158.2,2023.6,2073.4,694930.43,1448990374.8813
2025-03-04 16:00:00+00:00,2073.4,2174.0,1987.5,2171.44,638954.72,1336534033.99
2025-03-04 20:00:00+00:00,2171.44,2221.57,2125.66,2170.7,371881.37,808646556.6217
2025-03-05 00:00:00+00:00,2170.7,2192.93,2154.04,2159.99,176019.62,382607358.8813
2025-03-05 04:00:00+00:00,2159.99,2212.25,2157.21,2205.9,113594.72,248194835.4957
2025-03-05 08:00:00+00:00,2205.9,2273.0,2203.5,2217.02,298115.86,666704172.0351
2025-03-05 12:00:00+00:00,2217.02,2232.57,2165.0,2185.46,367762.54,808246544.175
2025-03-05 16:00:00+00:00,2185.46,2222.31,2160.04,2218.06,271034.72,594650056.0823
2025-03-05 20:00:00+00:00,2218.06,2252.96,2213.15,2240.83,146907.38,327933398.178
2025-03-06 00:00:00+00:00,2240.83,2295.93,2232.87,2289.31,192313.5,435633015.9161
2025-03-06 04:00:00+00:00,2289.31,2319.74,2274.6,2285.18,150839.29,346656050.4121
2025-03-06 08:00:00+00:00,2285.18,2305.49,2275.38,2296.7,115830.65,265379924.6368
2025-03-06 12:00:00+00:00,2296.7,2297.84,2206.31,2256.43,345788.47,777242443.1542
2025-03-06 16:00:00+00:00,2256.43,2264.79,2175.13,2196.73,252950.9,558347746.3147
2025-03-06 20:00:00+00:00,2196.73,2228.45,2189.82,2200.89,161820.41,357417037.4365
2025-03-07 00:00:00+00:00,2200.89,2226.37,2100.5,2146.57,512635.21,1101865771.0466
2025-03-07 04:00:00+00:00,2146.57,2192.68,2143.28,2191.27,106708.96,231524748.5311
2025-03-07 08:00:00+00:00,2191.27,2210.06,2175.47,2196.4,98967.92,217107401.7671
2025-03-07 12:00:00+00:00,2196.4,2257.22,2163.91,2208.36,480151.48,1059196189.4545
2025-03-07 16:00:00+00:00,2208.36,2214.36,2139.14,2176.75,343930.93,746085660.5514
2025-03-07 20:00:00+00:00,2176.75,2186.32,2112.25,2140.52,295846.57,634299058.232
2025-03-08 00:00:00+00:00,2140.52,2154.8,2102.97,2136.98,111450.13,237566949.7745
2025-03-08 04:00:00+00:00,2136.98,2152.2,2130.21,2136.52,61064.78,130722524.7924
2025-03-08 08:00:00+00:00,2136.52,2142.58,2125.25,2140.6,76804.66,163812077.8137
2025-03-08 12:00:00+00:00,2140.6,2197.92,2136.42,2180.36,200932.12,437012854.6815
2025-03-08 16:00:00+00:00,2180.36,2233.96,2159.5,2223.58,234843.69,517174058.7209
2025-03-08 20:00:00+00:00,2223.58,2224.91,2191.84,2202.68,111425.26,245954625.6974
2025-03-09 00:00:00+00:00,2202.68,2211.0,2174.32,2184.27,73701.52,161556853.1205
2025-03-09 04:00:00+00:00,2184.27,2196.28,2170.45,2184.02,61554.13,134408674.6448
2025-03-09 08:00:00+00:00,2184.02,2186.77,2126.9,2145.23,159217.14,342942400.0854
2025-03-09 12:00:00+00:00,2145.23,2145.35,2082.88,2096.01,287343.69,607540538.4222
2025-03-09 16:00:00+00:00,2096.01,2108.17,1995.76,2038.64,571175.35,1165188030.5231
2025-03-09 20:00:00+00:00,2038.64,2054.97,1988.0,2019.23,255309.63,515632808.7529
2025-03-10 00:00:00+00:00,2019.23,2069.14,1992.65,2056.5,217487.47,443506904.3715
2025-03-10 04:00:00+00:00,2056.5,2078.69,2053.4,2074.11,105689.74,218391157.0648
2025-03-10 08:00:00+00:00,2074.11,2151.48,2046.14,2126.91,465391.55,980118062.8158
2025-03-10 12:00:00+00:00,2126.91,2134.65,1995.0,2016.38,625984.52,1283255552.5559
2025-03-10 16:00:00+00:00,2016.38,2023.73,1808.33,1868.77,1351081.32,2584711438.5497
2025-03-10 20:00:00+00:00,1868.77,1903.18,1841.78,1864.17,386608.04,725268663.8764
2025-03-11 00:00:00+00:00,1864.17,1889.52,1751.48,1849.03,838943.31,1532038291.7943
2025-03-11 04:00:00+00:00,1849.03,1913.48,1844.42,1903.03,294409.95,555864269.8499
2025-03-11 08:00:00+00:00,1903.03,1928.59,1898.4,1913.21,238453.05,456750008.5628
2025-03-11 12:00:00+00:00,1913.21,1963.22,1839.13,1914.06,1125501.46,2135406423.5669
2025-03-11 16:00:00+00:00,1914.06,1962.8,1885.23,1950.63,463837.55,894338466.1453
2025-03-11 20:00:00+00:00,1950.63,1954.24,1915.71,1922.36,143727.99,278478745.8911
2025-03-12 00:00:00+00:00,1922.36,1931.56,1865.78,1867.49,235171.48,447604085.663
2025-03-12 04:00:00+00:00,1867.49,1916.41,1850.56,1910.79,331758.66,623711635.0103
2025-03-12 08:00:00+00:00,1910.79,1955.81,1869.57,1915.99,677349.72,1291435665.8742
2025-03-12 12:00:00+00:00,1915.99,1947.49,1828.0,1868.89,760793.74,1436311198.0475
2025-03-12 16:00:00+00:00,1868.89,1893.89,1861.89,1877.17,316365.31,593339619.1015
2025-03-12 20:00:00+00:00,1877.17,1915.14,1872.32,1907.24,176007.06,334264846.5037
2025-03-13 00:00:00+00:00,1907.24,1916.62,1881.3,1886.29,133965.24,254329267.877
2025-03-13 04:00:00+00:00,1886.29,1890.93,1857.08,1871.31,177004.74,331129328.2534
2025-03-13 08:00:00+00:00,1871.31,1904.71,1852.18,1899.5,346822.63,653398959.2492
2025-03-13 12:00:00+00:00,1899.5,1923.3,1863.4,1874.51,465857.47,880086785.0453
2025-03-13 16:00:00+00:00,1874.51,1877.15,1820.33,1851.19,342778.95,632928834.2133
2025-03-13 20:00:00+00:00,1851.19,1883.0,1838.53,1863.89,169953.85,316176772.3949
2025-03-14 00:00:00+00:00,1863.89,1894.2,1860.5,1888.83,102071.03,192017013.6735
2025-03-14 04:00:00+00:00,1888.83,1905.11,1886.98,1892.75,92027.45,174296161.5108
2025-03-14 08:00:00+00:00,1892.75,1908.54,1888.28,1901.5,122960.37,233360154.7747
2025-03-14 12:00:00+00:00,1901.5,1941.84,1875.22,1920.78,414478.56,792704006.4206
2025-03-14 16:00:00+00:00,1920.78,1944.94,1912.7,1933.13,194259.09,375119579.5897
2025-03-14 20:00:00+00:00,1933.13,1934.0,1907.12,1910.52,127814.43,245557375.714
2025-03-15 00:00:00+00:00,1910.52,1922.0,1902.7,1919.74,67488.46,129082361.2407
2025-03-15 04:00:00+00:00,1919.74,1934.4,1913.76,1917.0,80639.24,155218662.7469
2025-03-15 08:00:00+00:00,1917.0,1931.27,1911.83,1928.01,70090.2,134744964.9709
2025-03-15 12:00:00+00:00,1928.01,1938.62,1921.76,1936.69,71664.73,138296527.4472
2025-03-15 16:00:00+00:00,1936.69,1947.56,1927.9,1936.33,102175.12,197933323.1404
2025-03-15 20:00:00+00:00,1936.33,1956.94,1935.34,1936.32,90427.35,175870592.4109
2025-03-16 00:00:00+00:00,1936.32,1940.0,1915.33,1926.43,96010.05,184890777.8529
2025-03-16 04:00:00+00:00,1926.43,1932.9,1920.54,1925.09,49941.5,96211449.0231
2025-03-16 08:00:00+00:00,1925.09,1926.06,1865.35,1872.58,237888.59,450282470.0965
2025-03-16 12:00:00+00:00,1872.58,1897.74,1872.27,1894.19,155183.22,292450280.8232
2025-03-16 16:00:00+00:00,1894.19,1923.85,1858.13,1881.58,269342.97,510437710.1292
2025-03-16 20:00:00+00:00,1881.58,1897.68,1868.69,1885.76,117614.03,221610088.751
2025-03-17 00:00:00+00:00,1885.76,1914.87,1885.23,1908.21,112549.58,214159183.863
2025-03-17 04:00:00+00:00,1908.21,1912.29,1878.53,1899.92,101458.94,192387495.8985
2025-03-17 08:00:00+00:00,1899.92,1917.7,1891.71,1909.8,93998.14,179260350.9836
2025-03-17 12:00:00+00:00,1909.8,1943.78,1885.84,1918.49,359891.17,686756033.0229
2025-03-17 16:00:00+00:00,1918.49,1951.7,1906.72,1941.02,197203.99,381172017.6753
2025-03-17 20:00:00+00:00,1941.02,1948.6,1920.57,1925.18,108178.43,209242111.6984
2025-03-18 00:00:00+00:00,1925.18,1929.4,1896.0,1900.01,140842.18,268826606.0679
2025-03-18 04:00:00+00:00,1900.01,1909.44,1892.5,1903.72,101488.79,192973334.9768
2025-03-18 08:00:00+00:00,1903.72,1912.28,1883.96,1891.28,119182.21,226254211.0379
2025-03-18 12:00:00+00:00,1891.28,1902.36,1870.9,1879.97,246568.67,464917285.4473
2025-03-18 16:00:00+00:00,1879.97,1907.51,1872.17,1903.3,178805.52,337410996.3046
2025-03-18 20:00:00+00:00,1903.3,1935.72,1897.13,1930.82,131303.25,251601802.9625
2025-03-19 00:00:00+00:00,1930.82,1948.79,1926.87,1937.72,129096.47,250091004.4141
2025-03-19 04:00:00+00:00,1937.72,1942.5,1929.46,1931.21,87404.17,169146741.871
2025-03-19 08:00:00+00:00,1931.21,2033.58,1930.72,2027.19,505951.62,1006205388.4861
2025-03-19 12:00:00+00:00,2027.19,2056.4,1993.87,2047.92,477559.31,966261547.0263
2025-03-19 16:00:00+00:00,2047.92,2066.59,1995.69,2030.01,489836.99,995465998.8748
2025-03-19 20:00:00+00:00,2030.01,2069.36,2027.28,2055.34,173930.23,355951919.5217
2025-03-20 00:00:00+00:00,2055.34,2067.32,2019.0,2021.58,144971.03,295456909.9643
2025-03-20 04:00:00+00:00,2021.58,2024.48,2003.49,2006.4,125730.35,253154543.6658
2025-03-20 08:00:00+00:00,2006.4,2020.58,1970.52,1987.92,293626.04,585072445.8063
2025-03-20 12:00:00+00:00,1987.92,2009.68,1964.19,1971.12,315042.2,625949314.7995
2025-03-20 16:00:00+00:00,1971.12,1979.3,1951.1,1974.07,237892.52,467504641.3423
2025-03-20 20:00:00+00:00,1974.07,1984.25,1970.29,1982.82,76944.96,152157267.8862
2025-03-21 00:00:00+00:00,1982.82,1995.83,1971.91,1977.04,107678.06,213884636.8652
2025-03-21 04:00:00+00:00,1977.04,1989.0,1965.27,1975.98,97215.48,191918185.3654
2025-03-21 08:00:00+00:00,1975.98,1981.88,1955.4,1966.21,136031.52,267668274.1783
2025-03-21 12:00:00+00:00,1966.21,1973.4,1935.28,1949.69,285056.73,555733152.6634
2025-03-21 16:00:00+00:00,1949.69,1977.14,1945.06,1973.04,142736.13,280506887.3069
2025-03-21 20:00:00+00:00,1973.04,1982.97,1961.43,1965.08,87053.31,171654891.2913
2025-03-22 00:00:00+00:00,1965.08,1986.55,1963.57,1985.3,77271.05,152941176.4953
2025-03-22 04:00:00+00:00,1985.3,1992.32,1982.3,1983.25,51931.46,103197636.8683
2025-03-22 08:00:00+00:00,1983.25,2005.6,1980.56,1989.44,135809.85,270925035.4193
2025-03-22 12:00:00+00:00,1989.44,1997.24,1980.2,1985.6,79262.15,157562820.3332
2025-03-22 16:00:00+00:00,1985.6,1999.33,1981.39,1994.81,71497.57,142378284.0647
2025-03-22 20:00:00+00:00,1994.81,2003.41,1973.7,1979.56,86913.0,172701986.8115
2025-03-23 00:00:00+00:00,1979.56,2007.9,1975.5,2007.27,78560.82,156727116.7223
2025-03-23 04:00:00+00:00,2007.27,2019.52,1991.23,2007.15,99231.84,198724489.7456
2025-03-23 08:00:00+00:00,2007.15,2019.99,2001.32,2007.06,109095.4,219461549.3281
2025-03-23 12:00:00+00:00,2007.06,2019.59,2001.29,2006.15,118915.83,238951886.6557
2025-03-23 16:00:00+00:00,2006.15,2007.31,1985.88,1995.46,108922.64,217425613.9755
2025-03-23 20:00:00+00:00,1995.46,2005.92,1979.34,2005.0,122177.2,243274019.7382
2025-03-24 00:00:00+00:00,2005.0,2020.99,1976.4,2013.79,232504.04,464969799.742
2025-03-24 04:00:00+00:00,2013.79,2079.37,2013.57,2068.8,369827.89,758734914.77
2025-03-24 08:00:00+00:00,2068.8,2104.42,2068.22,2092.15,250550.18,523309219.2109
2025-03-24 12:00:00+00:00,2092.15,2102.16,2072.8,2088.77,269602.0,562182364.1735
2025-03-24 16:00:00+00:00,2088.77,2100.56,2066.4,2087.65,207670.56,433079935.1155
2025-03-24 20:00:00+00:00,2087.65,2094.54,2067.1,2080.09,116056.84,241312999.3692
2025-03-25 00:00:00+00:00,2080.09,2097.31,2040.26,2041.96,257180.46,531253507.2897
2025-03-25 04:00:00+00:00,2041.96,2066.0,2035.68,2054.89,154717.26,317113978.7275
2025-03-25 08:00:00+00:00,2054.89,2074.38,2052.62,2067.31,127211.74,262781366.5547
2025-03-25 12:00:00+00:00,2067.31,2080.82,2050.55,2066.52,264106.58,545988031.1993
2025-03-25 16:00:00+00:00,2066.52,2082.89,2055.4,2074.67,148763.67,307801917.0993
2025-03-25 20:00:00+00:00,2074.67,2082.58,2052.3,2065.31,140355.95,290165680.948
2025-03-26 00:00:00+00:00,2065.31,2077.74,2041.32,2048.11,123070.04,253586412.0567
2025-03-26 04:00:00+00:00,2048.11,2071.1,2046.42,2068.61,125061.82,257706680.406
2025-03-26 08:00:00+00:00,2068.61,2075.0,2056.45,2067.9,98001.96,202560553.8443
2025-03-26 12:00:00+00:00,2067.9,2069.9,2005.01,2010.97,440454.74,894221546.4005
2025-03-26 16:00:00+00:00,2010.97,2021.0,1980.01,1998.9,293565.3,587511285.4315
2025-03-26 20:00:00+00:00,1998.9,2017.7,1991.0,2008.68,179797.26,360523919.5471
2025-03-27 00:00:00+00:00,2008.68,2036.75,2006.2,2030.46,139507.74,282335859.7684
2025-03-27 04:00:00+00:00,2030.46,2032.2,2020.31,2025.05,71748.42,145329926.9364
2025-03-27 08:00:00+00:00,2025.05,2035.26,2011.2,2015.21,148479.02,300472776.5202
2025-03-27 12:00:00+00:00,2015.21,2025.23,1985.71,2004.31,337301.02,676992744.0822
2025-03-27 16:00:00+00:00,2004.31,2014.14,1992.38,2002.96,134204.97,269038220.9037
2025-03-27 20:00:00+00:00,2002.96,2020.13,1998.2,2002.81,99795.89,200352896.5421
2025-03-28 00:00:00+00:00,2002.81,2015.3,1990.23,1998.97,145577.35,291668293.0552
2025-03-28 04:00:00+00:00,1998.97,2003.7,1901.0,1908.91,599774.88,1158878377.0867
2025-03-28 08:00:00+00:00,1908.91,1924.3,1855.57,1899.56,369884.3,701536956.3546
2025-03-28 12:00:00+00:00,1899.56,1903.77,1870.55,1871.41,372401.37,702688674.5371
2025-03-28 16:00:00+00:00,1871.41,1886.32,1860.53,1873.19,192309.98,360334374.5048
2025-03-28 20:00:00+00:00,1873.19,1901.0,1872.71,1895.99,138314.52,261017551.9535
2025-03-29 00:00:00+00:00,1895.99,1913.4,1885.15,1899.19,130359.08,247963494.2437
2025-03-29 04:00:00+00:00,1899.19,1904.41,1874.38,1879.4,98048.52,184840547.5622
2025-03-29 08:00:00+00:00,1879.4,1886.71,1832.38,1843.6,318748.82,591925713.0316
2025-03-29 12:00:00+00:00,1843.6,1863.28,1832.66,1839.35,177855.5,328656449.3578
2025-03-29 16:00:00+00:00,1839.35,1847.03,1796.02,1826.91,423055.48,769153009.2535
2025-03-29 20:00:00+00:00,1826.91,1829.88,1810.32,1827.57,106543.35,193747575.9019
2025-03-30 00:00:00+00:00,1827.57,1843.51,1811.28,1833.14,134228.18,245984269.69
2025-03-30 04:00:00+00:00,1833.14,1845.84,1831.56,1836.55,75161.43,138194746.316
2025-03-30 08:00:00+00:00,1836.55,1848.98,1825.54,1832.17,112801.47,207161966.6997
2025-03-30 12:00:00+00:00,1832.17,1839.43,1788.0,1812.79,271432.76,492298372.3061
2025-03-30 16:00:00+00:00,1812.79,1834.29,1784.01,1813.53,288997.76,522821197.3884
2025-03-30 20:00:00+00:00,1813.53,1820.87,1766.06,1807.0,269036.8,483242946.9086
2025-03-31 00:00:00+00:00,1807.0,1822.95,1775.43,1797.48,294652.51,531365693.6725
2025-03-31 04:00:00+00:00,1797.48,1813.16,1787.9,1797.98,177344.81,319409050.6579
2025-03-31 08:00:00+00:00,1797.98,1819.09,1776.38,1812.61,278740.11,500666818.1517
2025-03-31 12:00:00+00:00,1812.61,1853.46,1794.08,1841.39,574924.29,1051203523.9428
2025-03-31 16:00:00+00:00,1841.39,1846.58,1816.34,1826.96,222850.6,408834665.7213
2025-03-31 20:00:00+00:00,1826.96,1834.0,1815.3,1821.68,117290.44,213945868.4608
2025-04-01 00:00:00+00:00,1821.68,1842.54,1817.0,1834.19,125839.39,230315986.2139
2025-04-01 04:00:00+00:00,1834.19,1867.24,1831.28,1853.25,169032.23,313038806.7473
2025-04-01 08:00:00+00:00,1853.25,1891.8,1852.89,1861.3,319858.95,600228881.8513
2025-04-01 12:00:00+00:00,1861.3,1927.89,1841.0,1917.93,521744.08,983137441.9803
2025-04-01 16:00:00+00:00,1917.93,1923.98,1900.09,1909.15,192724.59,368395662.9574
2025-04-01 20:00:00+00:00,1909.15,1922.74,1895.8,1904.2,144160.18,275264488.8138
2025-04-02 00:00:00+00:00,1904.2,1907.65,1871.15,1875.21,163807.09,308997886.6422
2025-04-02 04:00:00+00:00,1875.21,1882.16,1850.61,1864.08,210563.74,391900753.1801
2025-04-02 08:00:00+00:00,1864.08,1887.45,1861.47,1867.71,166522.7,312237497.0427
2025-04-02 12:00:00+00:00,1867.71,1918.9,1852.86,1899.99,565105.76,1065270284.1614
2025-04-02 16:00:00+00:00,1899.99,1915.84,1881.47,1910.76,237842.94,451911935.2833
2025-04-02 20:00:00+00:00,1910.76,1956.75,1780.35,1794.27,1034221.54,1937780456.5035
2025-04-03 00:00:00+00:00,1794.27,1834.09,1788.0,1823.64,245420.8,446252659.263
2025-04-03 04:00:00+00:00,1823.64,1844.51,1805.7,1814.5,176199.01,321208837.3821
2025-04-03 08:00:00+00:00,1814.5,1823.49,1786.05,1794.21,190685.67,344067482.3061
2025-04-03 12:00:00+00:00,1794.21,1799.92,1747.44,1781.71,583150.38,1032816634.7881
2025-04-03 16:00:00+00:00,1781.71,1798.4,1766.4,1786.34,182725.78,325684386.8236
2025-04-03 20:00:00+00:00,1786.34,1821.43,1778.77,1816.29,155719.42,280882096.239
2025-04-04 00:00:00+00:00,1816.29,1822.65,1770.45,1791.92,184513.21,331316741.0125
2025-04-04 04:00:00+00:00,1791.92,1821.0,1783.05,1816.8,141322.67,254892494.581
2025-04-04 08:00:00+00:00,1816.8,1835.0,1757.39,1783.0,465384.33,837180068.2642
2025-04-04 12:00:00+00:00,1783.0,1820.28,1768.03,1794.21,600032.28,1074159693.7417
2025-04-04 16:00:00+00:00,1794.21,1828.64,1782.01,1809.46,304323.18,549748190.6919
2025-04-04 20:00:00+00:00,1809.46,1827.17,1806.69,1816.08,98995.7,179861365.4211
2025-04-05 00:00:00+00:00,1816.08,1827.08,1808.33,1809.28,70923.82,128942059.6987
2025-04-05 04:00:00+00:00,1809.28,1815.12,1803.22,1812.3,69798.21,126321128.5964
2025-04-05 08:00:00+00:00,1812.3,1821.5,1805.74,1806.66,90464.17,164150280.4684
2025-04-05 12:00:00+00:00,1806.66,1807.56,1777.01,1781.0,213356.81,381935671.303
2025-04-05 16:00:00+00:00,1781.0,1794.9,1778.66,1781.12,93957.29,167862242.8845
2025-04-05 20:00:00+00:00,1781.12,1809.65,1762.71,1804.99,165250.39,295653834.2409
2025-04-06 00:00:00+00:00,1804.99,1816.68,1801.09,1809.17,108844.05,196786745.7815
2025-04-06 04:00:00+00:00,1809.17,1812.92,1790.28,1796.99,80628.45,145441738.6736
2025-04-06 08:00:00+00:00,1796.99,1797.47,1782.26,1788.21,87419.06,156393579.1643
2025-04-06 12:00:00+00:00,1788.21,1791.23,1735.25,1758.77,342140.31,602285566.3932
2025-04-06 16:00:00+00:00,1758.77,1759.19,1600.84,1625.4,1227175.01,2042130471.6303
2025-04-06 20:00:00+00:00,1625.4,1630.35,1535.83,1579.98,1061334.64,1676286697.2976
2025-04-07 00:00:00+00:00,1579.98,1613.53,1519.79,1542.8,613029.05,962778482.892
2025-04-07 04:00:00+00:00,1542.8,1560.9,1410.12,1459.66,1257372.55,1863963769.5257
2025-04-07 08:00:00+00:00,1459.66,1520.89,1454.74,1482.32,745546.98,1112567461.3328
2025-04-07 12:00:00+00:00,1482.32,1639.91,1477.07,1555.42,1807833.18,2809813581.4755
2025-04-07 16:00:00+00:00,1555.42,1572.0,1525.06,1544.63,553754.14,858689870.5205
2025-04-07 20:00:00+00:00,1544.63,1584.88,1544.14,1552.33,315796.99,494468209.632
2025-04-08 00:00:00+00:00,1552.33,1618.42,1540.38,1584.14,347762.0,549667072.5407
2025-04-08 04:00:00+00:00,1584.14,1601.82,1560.58,1569.96,201646.27,319070174.4076
2025-04-08 08:00:00+00:00,1569.96,1589.7,1553.6,1587.7,223930.17,351631451.1522
2025-04-08 12:00:00+00:00,1587.7,1593.28,1517.09,1530.55,717508.77,1115144911.028
2025-04-08 16:00:00+00:00,1530.55,1532.2,1453.25,1465.97,952413.68,1410318643.1113
2025-04-08 20:00:00+00:00,1465.97,1486.12,1443.85,1472.93,359212.39,527126143.5776
2025-04-09 00:00:00+00:00,1472.93,1481.75,1383.76,1417.81,803732.71,1146756801.1069
2025-04-09 04:00:00+00:00,1417.81,1491.73,1413.75,1482.77,543261.12,792065078.7931
2025-04-09 08:00:00+00:00,1482.77,1496.31,1443.62,1454.61,665345.59,976940186.0953
2025-04-09 12:00:00+00:00,1454.61,1501.12,1439.4,1484.84,771633.6,1138227844.9633
2025-04-09 16:00:00+00:00,1484.84,1673.49,1481.46,1639.82,1881455.87,2992611684.0077
2025-04-09 20:00:00+00:00,1639.82,1688.79,1639.42,1669.16,499235.6,831793778.7928
2025-04-10 00:00:00+00:00,1669.16,1669.59,1601.12,1616.43,389030.96,635018713.9844
2025-04-10 04:00:00+00:00,1616.43,1625.35,1582.31,1595.13,348239.31,558368232.7982
2025-04-10 08:00:00+00:00,1595.13,1606.0,1580.59,1593.87,265763.59,423444213.5425
2025-04-10 12:00:00+00:00,1593.87,1626.89,1482.8,1495.4,1299266.94,2021101924.2641
2025-04-10 16:00:00+00:00,1495.4,1531.76,1471.8,1513.56,709592.9,1065752022.3912
2025-04-10 20:00:00+00:00,1513.56,1532.81,1512.99,1521.51,174493.37,265863319.845
2025-04-11 00:00:00+00:00,1521.51,1549.93,1503.89,1543.88,281053.72,430416696.6339
2025-04-11 04:00:00+00:00,1543.88,1562.24,1540.06,1552.25,214930.7,333255715.9179
2025-04-11 08:00:00+00:00,1552.25,1584.67,1537.37,1557.94,513923.58,801583064.8428
2025-04-11 12:00:00+00:00,1557.94,1580.96,1540.51,1564.79,597028.84,931267806.2789
2025-04-11 16:00:00+00:00,1564.79,1591.76,1555.12,1565.26,374114.98,588285183.0668
2025-04-11 20:00:00+00:00,1565.26,1586.58,1557.06,1565.72,188924.03,296636395.0517
2025-04-12 00:00:00+00:00,1565.72,1568.93,1544.52,1553.39,159767.12,248341747.6904
2025-04-12 04:00:00+00:00,1553.39,1584.68,1549.01,1581.5,203205.76,318703289.2886
2025-04-12 08:00:00+00:00,1581.5,1606.14,1580.23,1593.16,233432.23,372200337.7197
2025-04-12 12:00:00+00:00,1593.16,1670.19,1589.63,1655.41,798092.38,1309226699.2911
2025-04-12 16:00:00+00:00,1655.41,1661.93,1627.68,1642.13,405373.68,666310334.0721
2025-04-12 20:00:00+00:00,1642.13,1659.77,1640.69,1643.52,225654.2,372231392.943
2025-04-13 00:00:00+00:00,1643.52,1649.53,1605.26,1623.6,324098.16,527226454.0953
2025-04-13 04:00:00+00:00,1623.6,1623.89,1595.0,1612.53,268777.39,432457597.7539
2025-04-13 08:00:00+00:00,1612.53,1627.45,1591.0,1603.34,241878.33,389943374.5553
2025-04-13 12:00:00+00:00,1603.34,1608.35,1564.55,1585.7,387195.96,612985948.6196
2025-04-13 16:00:00+00:00,1585.7,1648.08,1559.1,1589.32,792121.59,1272303756.5866
2025-04-13 20:00:00+00:00,1589.32,1616.0,1571.01,1596.91,408336.82,649649282.12
2025-04-14 00:00:00+00:00,1596.91,1660.26,1594.7,1628.95,446053.4,725857558.4813
2025-04-14 04:00:00+00:00,1628.95,1641.72,1612.03,1635.01,195059.56,317418301.688
2025-04-14 08:00:00+00:00,1635.01,1691.65,1628.3,1674.7,437647.14,727621269.4405
2025-04-14 12:00:00+00:00,1674.7,1689.6,1617.48,1627.21,794714.33,1314596416.712
2025-04-14 16:00:00+00:00,1627.21,1651.19,1613.55,1635.61,376880.89,615916212.5878
2025-04-14 20:00:00+00:00,1635.61,1637.48,1603.67,1622.91,189547.68,307552440.6311
2025-04-15 00:00:00+00:00,1622.91,1643.17,1613.84,1637.24,195681.4,318625084.581
2025-04-15 04:00:00+00:00,1637.24,1647.9,1631.59,1644.35,141736.07,232485298.8128
2025-04-15 08:00:00+00:00,1644.35,1651.27,1621.53,1631.34,209779.21,343418256.9789
2025-04-15 12:00:00+00:00,1631.34,1660.47,1599.0,1620.07,752468.86,1225624251.6373
2025-04-15 16:00:00+00:00,1620.07,1627.45,1595.25,1606.2,314727.33,506844821.7201
2025-04-15 20:00:00+00:00,1606.2,1614.09,1581.57,1587.68,272302.95,434248248.5121
2025-04-16 00:00:00+00:00,1587.68,1603.65,1575.5,1590.19,186508.77,296773816.3572
2025-04-16 04:00:00+00:00,1590.19,1592.89,1549.43,1563.31,444070.67,698355616.0349
2025-04-16 08:00:00+00:00,1563.31,1586.0,1555.69,1583.56,255384.26,402198665.0047
2025-04-16 12:00:00+00:00,1583.56,1613.68,1565.43,1589.67,487947.85,774632595.5868
2025-04-16 16:00:00+00:00,1589.67,1612.0,1535.43,1587.95,864067.67,1357761777.4035
2025-04-16 20:00:00+00:00,1587.95,1598.16,1568.83,1576.6,192196.91,304291407.6089
2025-04-17 00:00:00+00:00,1576.6,1594.65,1573.67,1584.01,143203.15,226847149.7571
2025-04-17 04:00:00+00:00,1584.01,1609.96,1580.16,1600.99,191864.69,306505375.0115
2025-04-17 08:00:00+00:00,1600.99,1603.73,1587.47,1592.48,128148.62,204301295.7866
2025-04-17 12:00:00+00:00,1592.48,1602.85,1562.31,1582.38,348259.33,551217571.9128
2025-04-17 16:00:00+00:00,1582.38,1616.0,1575.93,1580.4,589577.56,943392105.1439
2025-04-17 20:00:00+00:00,1580.4,1591.2,1578.06,1582.81,173946.98,275684026.1215
2025-04-18 00:00:00+00:00,1582.81,1588.8,1576.23,1583.33,90033.78,142436158.0428
2025-04-18 04:00:00+00:00,1583.33,1584.65,1572.52,1583.61,120020.86,189504558.4592
2025-04-18 08:00:00+00:00,1583.61,1592.28,1581.2,1589.84,100205.34,158996396.4784
2025-04-18 12:00:00+00:00,1589.84,1596.7,1577.64,1582.21,225122.95,357455667.4214
2025-04-18 16:00:00+00:00,1582.21,1594.5,1580.93,1592.61,102872.87,163514136.1336
2025-04-18 20:00:00+00:00,1592.61,1600.73,1586.19,1587.71,94610.1,150716412.1163
2025-04-19 00:00:00+00:00,1587.71,1599.52,1584.0,1596.96,121612.38,193509267.9746
2025-04-19 04:00:00+00:00,1596.96,1612.68,1594.3,1600.28,160801.97,257711613.224
2025-04-19 08:00:00+00:00,1600.28,1606.01,1592.69,1596.14,83800.84,133997681.495
2025-04-19 12:00:00+00:00,1596.14,1612.0,1594.2,1606.6,130174.68,208801131.0054
2025-04-19 16:00:00+00:00,1606.6,1631.35,1597.52,1613.93,207749.82,335153554.5316
2025-04-19 20:00:00+00:00,1613.93,1621.73,1610.06,1612.44,67440.34,108984648.7772
2025-04-20 00:00:00+00:00,1612.44,1618.56,1607.26,1611.06,68388.16,110298194.6589
2025-04-20 04:00:00+00:00,1611.06,1617.37,1583.96,1596.65,159981.58,255870306.0785
2025-04-20 08:00:00+00:00,1596.65,1596.77,1564.72,1571.87,308973.82,487951845.0953
2025-04-20 12:00:00+00:00,1571.87,1583.34,1570.03,1572.71,139584.03,220010836.3051
2025-04-20 16:00:00+00:00,1572.71,1587.2,1570.52,1585.35,61258.49,96768249.0729
2025-04-20 20:00:00+00:00,1585.35,1599.84,1573.54,1586.71,209797.05,332540074.9883
2025-04-21 00:00:00+00:00,1586.71,1644.98,1585.37,1633.83,451847.39,732549441.5032
2025-04-21 04:00:00+00:00,1633.83,1658.33,1630.4,1645.3,222962.56,366726809.5076
2025-04-21 08:00:00+00:00,1645.3,1654.5,1616.7,1625.49,246352.6,402326079.2764
2025-04-21 12:00:00+00:00,1625.49,1641.58,1607.5,1622.39,457984.39,744094335.8793
2025-04-21 16:00:00+00:00,1622.39,1625.42,1562.11,1572.82,620058.32,982703786.8312
2025-04-21 20:00:00+00:00,1572.82,1580.3,1570.4,1578.81,115560.14,182024922.1677
2025-04-22 00:00:00+00:00,1578.81,1593.0,1535.02,1578.41,511719.7,803496770.3744
2025-04-22 04:00:00+00:00,1578.41,1623.44,1572.88,1618.51,285100.05,455906594.9884
2025-04-22 08:00:00+00:00,1618.51,1638.94,1612.61,1630.28,356558.43,579450093.1457
2025-04-22 12:00:00+00:00,1630.28,1725.96,1625.71,1702.37,994286.4,1663995746.3178
2025-04-22 16:00:00+00:00,1702.37,1710.33,1682.32,1697.7,334470.33,567207478.4857
2025-04-22 20:00:00+00:00,1697.7,1779.08,1691.38,1755.55,663590.89,1153960478.2988
2025-04-23 00:00:00+00:00,1755.55,1806.95,1744.57,1794.57,502590.84,893159563.3696
2025-04-23 04:00:00+00:00,1794.57,1817.4,1773.09,1791.07,388378.64,697362735.3587
2025-04-23 08:00:00+00:00,1791.07,1811.98,1778.07,1796.48,334457.23,600302992.6337
2025-04-23 12:00:00+00:00,1796.48,1835.54,1760.24,1793.62,1011047.99,1817775637.8564
2025-04-23 16:00:00+00:00,1793.62,1809.48,1773.34,1785.28,362712.75,649997611.278
2025-04-23 20:00:00+00:00,1785.28,1806.39,1784.82,1794.18,122178.74,219342899.1195
2025-04-24 00:00:00+00:00,1794.18,1802.15,1765.3,1767.05,216566.47,386350046.9024
2025-04-24 04:00:00+00:00,1767.05,1775.35,1750.49,1755.68,213086.96,376137534.1175
2025-04-24 08:00:00+00:00,1755.68,1759.76,1721.67,1754.5,372074.37,647309777.4655
2025-04-24 12:00:00+00:00,1754.5,1777.32,1743.62,1763.96,406121.36,715015832.1731
2025-04-24 16:00:00+00:00,1763.96,1777.44,1745.01,1762.29,418383.37,737008186.922
2025-04-24 20:00:00+00:00,1762.29,1774.13,1748.07,1768.87,151393.71,266622774.8396
2025-04-25 00:00:00+00:00,1768.87,1789.75,1737.74,1759.91,250696.26,441323323.3972
2025-04-25 04:00:00+00:00,1759.91,1781.24,1757.19,1776.48,151732.66,268542072.9331
2025-04-25 08:00:00+00:00,1776.48,1793.23,1763.37,1789.81,293692.56,522481335.726
2025-04-25 12:00:00+00:00,1789.81,1826.94,1756.05,1805.56,735339.68,1318512871.1226
2025-04-25 16:00:00+00:00,1805.56,1810.53,1781.65,1801.86,310020.81,556714628.8135
2025-04-25 20:00:00+00:00,1801.86,1808.82,1782.61,1783.65,205080.71,368413226.6949
2025-04-26 00:00:00+00:00,1783.65,1815.43,1783.5,1796.55,198497.3,357513706.3118
2025-04-26 04:00:00+00:00,1796.55,1810.07,1788.0,1799.53,126083.91,226794245.4689
2025-04-26 08:00:00+00:00,1799.53,1840.81,1778.0,1784.7,424047.11,766246540.1623
2025-04-26 12:00:00+00:00,1784.7,1804.0,1779.0,1799.64,209207.24,374966100.6858
2025-04-26 16:00:00+00:00,1799.64,1814.67,1795.05,1812.6,91807.62,165591739.55
2025-04-26 20:00:00+00:00,1812.6,1830.74,1804.83,1820.12,127943.58,232508829.6666
2025-04-27 00:00:00+00:00,1820.12,1857.15,1800.0,1808.9,346518.59,633000998.5181
2025-04-27 04:00:00+00:00,1808.9,1810.99,1789.0,1802.96,136619.49,245866916.1565
2025-04-27 08:00:00+00:00,1802.96,1814.81,1800.66,1805.24,99058.45,179096951.9559
2025-04-27 12:00:00+00:00,1805.24,1806.99,1779.7,1792.96,223202.5,400593921.083
2025-04-27 16:00:00+00:00,1792.96,1807.93,1786.2,1807.08,110777.01,199250846.8337
2025-04-27 20:00:00+00:00,1807.08,1807.26,1783.61,1790.31,164200.35,294813059.1783
2025-04-28 00:00:00+00:00,1790.31,1793.12,1750.85,1783.49,402979.73,714331660.3277
2025-04-28 04:00:00+00:00,1783.49,1811.27,1783.43,1803.85,235139.8,422580821.8703
2025-04-28 08:00:00+00:00,1803.85,1826.59,1786.66,1815.49,290356.12,525506594.7435
2025-04-28 12:00:00+00:00,1815.49,1816.48,1751.6,1761.96,440960.95,786909010.3534
2025-04-28 16:00:00+00:00,1761.96,1804.92,1742.01,1796.37,368346.15,653949694.3632
2025-04-28 20:00:00+00:00,1796.37,1805.88,1780.21,1798.96,222221.83,398798702.1406
2025-04-29 00:00:00+00:00,1798.96,1811.0,1786.22,1801.31,266220.07,478473620.4339
2025-04-29 04:00:00+00:00,1801.31,1824.25,1787.01,1820.68,256663.16,464470380.4126
2025-04-29 08:00:00+00:00,1820.68,1842.87,1815.47,1828.91,422612.53,773041211.6419
2025-04-29 12:00:00+00:00,1828.91,1832.79,1801.18,1814.32,518800.08,942711555.1238
2025-04-29 16:00:00+00:00,1814.32,1831.67,1805.88,1821.06,319720.9,582053581.1097
2025-04-29 20:00:00+00:00,1821.06,1825.03,1779.22,1796.57,305443.54,549302880.8559
2025-04-30 00:00:00+00:00,1796.57,1812.24,1787.52,1808.0,147370.65,265381806.9303
2025-04-30 04:00:00+00:00,1808.0,1812.09,1789.48,1795.66,132592.89,239105282.8865
2025-04-30 08:00:00+00:00,1795.66,1815.91,1791.79,1814.76,128742.96,232368746.8503
2025-04-30 12:00:00+00:00,1814.76,1815.59,1730.0,1763.56,637125.93,1125042213.0114
2025-04-30 16:00:00+00:00,1763.56,1792.42,1754.87,1786.07,219251.24,389322159.1281
2025-04-30 20:00:00+00:00,1786.07,1809.0,1783.84,1792.71,170556.52,306518420.1368
2025-05-01 00:00:00+00:00,1792.71,1818.94,1791.67,1807.19,157313.71,284381543.6616
2025-05-01 04:00:00+00:00,1807.19,1816.27,1801.49,1809.68,112643.84,203813995.5559
2025-05-01 08:00:00+00:00,1809.68,1858.64,1808.01,1844.89,356180.82,653877600.7751
2025-05-01 12:00:00+00:00,1844.89,1872.78,1824.19,1852.21,522996.68,965655388.1073
2025-05-01 16:00:00+00:00,1852.21,1870.0,1838.23,1842.1,330377.74,612394925.4026
2025-05-01 20:00:00+00:00,1842.1,1850.42,1832.3,1837.33,139262.54,256318068.118
2025-05-02 00:00:00+00:00,1837.33,1850.94,1833.59,1846.84,116476.63,214765971.6285
2025-05-02 04:00:00+00:00,1846.84,1850.75,1814.5,1815.11,207838.19,380244725.019
2025-05-02 08:00:00+00:00,1815.11,1834.65,1811.54,1832.46,161705.22,295031082.9615
2025-05-02 12:00:00+00:00,1832.46,1853.83,1822.12,1840.02,341423.37,627910607.0575
2025-05-02 16:00:00+00:00,1840.02,1870.49,1830.05,1838.48,359379.48,665480623.1002
2025-05-02 20:00:00+00:00,1838.48,1847.03,1831.95,1841.26,87746.61,161352857.8999
2025-05-03 00:00:00+00:00,1841.26,1842.23,1825.02,1833.99,84698.44,155226970.9714
2025-05-03 04:00:00+00:00,1833.99,1838.63,1823.61,1825.48,83465.37,152706520.561
2025-05-03 08:00:00+00:00,1825.48,1829.76,1816.38,1823.18,139155.59,253741800.5036
2025-05-03 12:00:00+00:00,1823.18,1839.89,1822.77,1833.57,98923.41,181271004.2171
2025-05-03 16:00:00+00:00,1833.57,1838.34,1808.08,1837.46,200852.41,366103448.9912
2025-05-03 20:00:00+00:00,1837.46,1848.0,1827.74,1832.52,241384.58,443580404.5592
2025-05-04 00:00:00+00:00,1832.52,1848.87,1825.45,1831.31,194920.61,357648837.4586
2025-05-04 04:00:00+00:00,1831.31,1849.46,1829.0,1840.19,118079.72,217270275.5267
2025-05-04 08:00:00+00:00,1840.19,1840.89,1820.53,1826.91,146079.04,267187022.1032
2025-05-04 12:00:00+00:00,1826.91,1833.31,1817.22,1829.94,101124.52,184795306.374
2025-05-04 16:00:00+00:00,1829.94,1832.46,1821.01,1827.62,76908.27,140516844.5514
2025-05-04 20:00:00+00:00,1827.62,1841.92,1801.26,1807.5,322071.95,586995374.9564
2025-05-05 00:00:00+00:00,1807.5,1817.52,1780.16,1793.46,359945.45,646398118.0772
2025-05-05 04:00:00+00:00,1793.46,1829.69,1791.54,1825.87,194969.78,353470898.7693
2025-05-05 08:00:00+00:00,1825.87,1831.0,1797.19,1803.56,233899.38,424122526.1485
2025-05-05 12:00:00+00:00,1803.56,1814.73,1792.92,1800.29,238113.35,429255127.8497
2025-05-05 16:00:00+00:00,1800.29,1827.92,1800.0,1815.58,152070.76,276058057.6884
2025-05-05 20:00:00+00:00,1815.58,1833.23,1798.3,1819.28,209074.89,380208461.194
2025-05-06 00:00:00+00:00,1819.28,1820.12,1791.53,1805.59,214231.42,386751743.8461
2025-05-06 04:00:00+00:00,1805.59,1808.68,1797.3,1805.01,79586.1,143560633.7295
2025-05-06 08:00:00+00:00,1805.01,1805.4,1756.25,1768.92,328378.39,585352171.6635
2025-05-06 12:00:00+00:00,1768.92,1778.86,1750.67,1769.4,276692.08,489090273.7527
2025-05-06 16:00:00+00:00,1769.4,1798.38,1761.04,1783.89,224578.63,399483357.0663
2025-05-06 20:00:00+00:00,1783.89,1818.98,1764.11,1816.37,380118.45,681903574.9605
2025-05-07 00:00:00+00:00,1816.37,1849.68,1813.61,1825.72,464705.43,851537477.2493
2025-05-07 04:00:00+00:00,1825.72,1837.8,1823.88,1837.34,120361.64,220276475.8436
2025-05-07 08:00:00+00:00,1837.34,1846.51,1829.51,1835.72,238322.08,438045544.607
2025-05-07 12:00:00+00:00,1835.72,1836.33,1813.35,1816.61,265161.86,484054796.1178
2025-05-07 16:00:00+00:00,1816.61,1817.28,1785.68,1795.03,436666.09,786489286.3659
2025-05-07 20:00:00+00:00,1795.03,1825.29,1787.75,1810.26,206596.41,373565021.7154
2025-05-08 00:00:00+00:00,1810.26,1906.31,1807.65,1900.2,591209.32,1093919334.5674
2025-05-08 04:00:00+00:00,1900.2,1943.06,1891.38,1927.55,440508.1,841668888.6308
2025-05-08 08:00:00+00:00,1927.55,1967.81,1925.11,1956.73,454754.72,884337050.896
2025-05-08 12:00:00+00:00,1956.73,2075.48,1952.61,2050.5,1201825.76,2410013427.9896
2025-05-08 16:00:00+00:00,2050.5,2140.0,2035.32,2117.2,764375.32,1583012955.7889
2025-05-08 20:00:00+00:00,2117.2,2226.51,2110.45,2206.42,972019.26,2113257853.6182
2025-05-09 00:00:00+00:00,2206.42,2244.8,2183.71,2204.33,614103.48,1357675084.6859
2025-05-09 04:00:00+00:00,2204.33,2393.58,2201.23,2363.4,904598.7,2076235313.1138
2025-05-09 08:00:00+00:00,2363.4,2491.57,2291.02,2350.5,1795814.83,4270919218.0451
2025-05-09 12:00:00+00:00,2350.5,2387.9,2268.67,2300.47,840698.1,1953064894.2519
2025-05-09 16:00:00+00:00,2300.47,2355.17,2273.84,2330.44,501261.69,1163710897.1195
2025-05-09 20:00:00+00:00,2330.44,2351.37,2321.68,2344.58,182151.39,425922956.9495
2025-05-10 00:00:00+00:00,2344.58,2380.44,2314.15,2338.78,287729.8,674665799.1494
2025-05-10 04:00:00+00:00,2338.78,2416.82,2325.04,2399.53,367609.24,870238258.8416
2025-05-10 08:00:00+00:00,2399.53,2435.76,2358.47,2383.31,723021.11,1733774282.1079
2025-05-10 12:00:00+00:00,2383.31,2448.37,2383.31,2432.61,461705.15,1118709016.7949
2025-05-10 16:00:00+00:00,2432.61,2512.73,2427.83,2498.52,840069.85,2079187258.3556
2025-05-10 20:00:00+00:00,2498.52,2599.93,2468.04,2581.65,681573.35,1737879562.4426
2025-05-11 00:00:00+00:00,2581.65,2608.11,2501.34,2536.32,615261.55,1566107972.5408
2025-05-11 04:00:00+00:00,2536.32,2561.53,2452.5,2472.7,519825.09,1303965546.4369
2025-05-11 08:00:00+00:00,2472.7,2535.59,2471.02,2529.38,319194.53,798909215.6277
2025-05-11 12:00:00+00:00,2529.38,2531.04,2431.0,2460.94,451098.71,1121558261.3584
2025-05-11 16:00:00+00:00,2460.94,2524.75,2438.95,2507.04,404988.36,1007231747.3317
2025-05-11 20:00:00+00:00,2507.04,2528.25,2481.94,2513.45,240425.93,602049862.7312
2025-05-12 00:00:00+00:00,2513.45,2547.86,2489.19,2519.2,365024.1,919941560.1149
2025-05-12 04:00:00+00:00,2519.2,2624.59,2485.53,2553.5,787958.01,2012521544.146
2025-05-12 08:00:00+00:00,2553.5,2585.27,2520.01,2528.9,457219.11,1167484050.0831
2025-05-12 12:00:00+00:00,2528.9,2576.5,2472.02,2486.46,853823.05,2161953412.5
2025-05-12 16:00:00+00:00,2486.46,2512.0,2406.15,2459.06,626479.92,1538598630.3394
2025-05-12 20:00:00+00:00,2459.06,2499.52,2451.09,2494.7,233961.37,580377303.1047
2025-05-13 00:00:00+00:00,2494.7,2495.01,2413.0,2423.62,354734.74,869248577.8757
2025-05-13 04:00:00+00:00,2423.62,2479.92,2418.32,2459.79,211257.72,518143349.0884
2025-05-13 08:00:00+00:00,2459.79,2525.64,2450.01,2512.73,322547.29,802324772.016
2025-05-13 12:00:00+00:00,2512.73,2573.33,2490.38,2564.7,793356.21,2014104930.4919
2025-05-13 16:00:00+00:00,2564.7,2738.54,2558.65,2689.94,1212657.02,3203130380.5753
2025-05-13 20:00:00+00:00,2689.94,2708.04,2651.51,2679.08,525250.74,1407163979.5919
2025-05-14 00:00:00+00:00,2679.08,2724.82,2622.0,2645.7,582631.32,1552300498.2262
2025-05-14 04:00:00+00:00,2645.7,2686.73,2635.0,2639.43,279979.5,744757955.5598
2025-05-14 08:00:00+00:00,2639.43,2645.0,2575.8,2624.0,561642.6,1465694545.0952
2025-05-14 12:00:00+00:00,2624.0,2634.32,2556.0,2596.34,555505.87,1438315606.1208
2025-05-14 16:00:00+00:00,2596.34,2616.22,2545.75,2603.48,391116.2,1011635605.8082
2025-05-14 20:00:00+00:00,2603.48,2613.13,2581.4,2608.59,142766.46,370783717.7494
2025-05-15 00:00:00+00:00,2608.59,2647.07,2565.03,2573.23,336508.47,875675414.1049
2025-05-15 04:00:00+00:00,2573.23,2594.99,2514.34,2529.28,373606.57,955335992.7428
2025-05-15 08:00:00+00:00,2529.28,2566.93,2515.66,2553.76,419527.32,1066921891.0288
2025-05-15 12:00:00+00:00,2553.76,2578.65,2476.0,2562.84,812918.53,2056095478.9528
2025-05-15 16:00:00+00:00,2562.84,2603.22,2508.52,2529.47,681821.5,1743556974.5156
2025-05-15 20:00:00+00:00,2529.47,2563.81,2510.31,2547.9,369578.86,937134533.0488
2025-05-16 00:00:00+00:00,2547.9,2584.02,2533.0,2580.22,268293.02,687288153.0553
2025-05-16 04:00:00+00:00,2580.22,2618.86,2563.0,2600.1,271032.71,702191504.3112
2025-05-16 08:00:00+00:00,2600.1,2648.29,2556.6,2619.8,435007.56,1131666833.465
2025-05-16 12:00:00+00:00,2619.8,2621.98,2571.8,2593.74,412073.28,1069469055.5454
2025-05-16 16:00:00+00:00,2593.74,2601.22,2568.0,2590.8,240179.06,620557657.9316
2025-05-16 20:00:00+00:00,2590.8,2591.5,2527.29,2535.68,292994.22,748489238.5992
2025-05-17 00:00:00+00:00,2535.68,2536.57,2450.54,2495.65,575513.18,1433530951.658
2025-05-17 04:00:00+00:00,2495.65,2512.14,2474.05,2491.91,230766.04,575522142.3679
2025-05-17 08:00:00+00:00,2491.91,2495.44,2465.06,2480.58,188930.6,468660999.8014
2025-05-17 12:00:00+00:00,2480.58,2485.95,2443.76,2473.26,275496.15,680157179.3501
2025-05-17 16:00:00+00:00,2473.26,2490.0,2447.0,2469.02,241704.65,597013119.1295
2025-05-17 20:00:00+00:00,2469.02,2495.51,2451.83,2474.4,177450.91,439190572.2643
2025-05-18 00:00:00+00:00,2474.4,2487.07,2466.96,2476.6,90458.05,224190344.7355
2025-05-18 04:00:00+00:00,2476.6,2515.0,2476.45,2508.48,179803.78,449416832.5575
2025-05-18 08:00:00+00:00,2508.48,2528.71,2497.35,2500.63,185453.22,466033747.7037
2025-05-18 12:00:00+00:00,2500.63,2587.48,2486.33,2578.68,495522.32,1258380751.3788
2025-05-18 16:00:00+00:00,2578.68,2584.07,2401.25,2406.72,1032265.8,2573819385.8265
2025-05-18 20:00:00+00:00,2406.72,2510.7,2316.4,2497.1,983648.87,2362522529.7452
2025-05-19 00:00:00+00:00,2497.1,2512.51,2377.96,2383.99,689101.24,1677283705.9516
2025-05-19 04:00:00+00:00,2383.99,2412.0,2346.7,2402.52,521617.53,1241977196.8156
2025-05-19 08:00:00+00:00,2402.52,2422.79,2387.71,2417.1,332049.62,799100154.881
2025-05-19 12:00:00+00:00,2417.1,2472.37,2383.51,2465.64,594759.65,1445449445.8058
2025-05-19 16:00:00+00:00,2465.64,2546.28,2449.12,2518.46,863462.84,2160739346.6831
2025-05-19 20:00:00+00:00,2518.46,2534.12,2491.86,2527.5,292016.76,734397621.8571
2025-05-20 00:00:00+00:00,2527.5,2587.54,2509.18,2552.15,529055.32,1348738109.5996
2025-05-20 04:00:00+00:00,2552.15,2577.3,2520.56,2531.54,352061.95,897826599.558
2025-05-20 08:00:00+00:00,2531.54,2539.25,2490.62,2513.4,268035.71,674746518.9962
2025-05-20 12:00:00+00:00,2513.4,2514.86,2463.03,2481.62,438263.43,1087241274.7891
2025-05-20 16:00:00+00:00,2481.62,2511.17,2441.4,2500.01,500359.23,1240190680.856
2025-05-20 20:00:00+00:00,2500.01,2540.33,2483.98,2523.41,384637.64,965462044.9949
2025-05-21 00:00:00+00:00,2523.41,2554.12,2507.85,2543.83,309832.39,784882710.9613
2025-05-21 04:00:00+00:00,2543.83,2616.17,2533.65,2550.89,661750.84,1702551430.5149
2025-05-21 08:00:00+00:00,2550.89,2562.14,2513.91,2536.21,406796.61,1031569513.6711
2025-05-21 12:00:00+00:00,2536.21,2581.44,2521.21,2566.01,698740.58,1785541171.6495
2025-05-21 16:00:00+00:00,2566.01,2614.74,2450.72,2511.14,1346814.32,3380060083.4948
2025-05-21 20:00:00+00:00,2511.14,2597.67,2484.91,2549.62,569177.49,1443482454.9226
2025-05-22 00:00:00+00:00,2549.62,2646.94,2542.86,2628.43,602453.17,1561445862.5609
2025-05-22 04:00:00+00:00,2628.43,2646.88,2600.34,2634.4,514592.61,1349068033.0932
2025-05-22 08:00:00+00:00,2634.4,2693.07,2626.13,2649.79,621204.31,1653962175.4873
2025-05-22 12:00:00+00:00,2649.79,2679.86,2620.55,2663.56,541843.0,1437750364.033
2025-05-22 16:00:00+00:00,2663.56,2675.72,2624.63,2633.7,362320.47,961051864.2451
2025-05-22 20:00:00+00:00,2633.7,2664.73,2626.59,2663.78,184012.6,486438847.2435
2025-05-23 00:00:00+00:00,2663.78,2733.8,2643.15,2721.13,585186.74,1577772118.4021
2025-05-23 04:00:00+00:00,2721.13,2725.3,2649.42,2654.73,449119.03,1203283781.0199
2025-05-23 08:00:00+00:00,2654.73,2688.08,2548.67,2565.47,700404.58,1838590116.8958
2025-05-23 12:00:00+00:00,2565.47,2592.11,2496.58,2567.19,973126.19,2485690344.2006
2025-05-23 16:00:00+00:00,2567.19,2586.7,2545.04,2559.7,414529.02,1063026493.4527
2025-05-23 20:00:00+00:00,2559.7,2561.7,2502.35,2525.72,402657.51,1020388934.5913
2025-05-24 00:00:00+00:00,2525.72,2555.69,2514.12,2549.39,165992.36,420798208.3243
2025-05-24 04:00:00+00:00,2549.39,2562.6,2534.0,2546.1,148054.34,377550831.826
2025-05-24 08:00:00+00:00,2546.1,2575.93,2544.02,2562.44,159511.23,408707240.511
2025-05-24 12:00:00+00:00,2562.44,2564.61,2542.31,2554.15,171430.67,437904039.1008
2025-05-24 16:00:00+00:00,2554.15,2567.23,2542.59,2553.3,104609.18,267161939.1533
2025-05-24 20:00:00+00:00,2553.3,2555.66,2515.48,2529.14,152644.39,386424605.4018
2025-05-25 00:00:00+00:00,2529.14,2538.92,2473.82,2512.74,416189.91,1040642300.7336
2025-05-25 04:00:00+00:00,2512.74,2518.38,2486.46,2493.6,118056.83,295559188.6232
2025-05-25 08:00:00+00:00,2493.6,2501.91,2458.92,2496.81,295902.86,735140727.3342
2025-05-25 12:00:00+00:00,2496.81,2524.0,2476.7,2510.46,270062.14,676207920.5091
2025-05-25 16:00:00+00:00,2510.46,2535.31,2494.9,2525.47,133264.14,334958905.8223
2025-05-25 20:00:00+00:00,2525.47,2554.11,2507.0,2550.58,266216.67,674150480.7853
2025-05-26 00:00:00+00:00,2550.58,2576.78,2536.3,2559.3,219577.54,561710513.2134
2025-05-26 04:00:00+00:00,2559.3,2598.82,2556.51,2580.2,176672.35,455248031.1871
2025-05-26 08:00:00+00:00,2580.2,2582.19,2553.17,2566.95,199782.5,512559207.1072
2025-05-26 12:00:00+00:00,2566.95,2573.19,2536.01,2564.98,289254.02,739419123.9896
2025-05-26 16:00:00+00:00,2564.98,2572.69,2524.0,2540.09,257288.61,653854790.0923
2025-05-26 20:00:00+00:00,2540.09,2584.98,2535.17,2563.12,214978.25,550383549.4929
2025-05-27 00:00:00+00:00,2563.12,2573.5,2508.2,2548.3,363861.44,923245547.1972
2025-05-27 04:00:00+00:00,2548.3,2618.78,2548.01,2606.93,458878.58,1186500553.525
2025-05-27 08:00:00+00:00,2606.93,2653.88,2606.88,2651.2,497494.59,1309915347.3175
2025-05-27 12:00:00+00:00,2651.2,2682.68,2631.52,2667.17,661689.98,1757799678.359
2025-05-27 16:00:00+00:00,2667.17,2711.0,2657.0,2686.3,476857.24,1279721368.8416
2025-05-27 20:00:00+00:00,2686.3,2692.81,2650.69,2659.63,246905.3,658497029.0996
2025-05-28 00:00:00+00:00,2659.63,2660.44,2616.38,2643.6,267179.3,704989376.8985
2025-05-28 04:00:00+00:00,2643.6,2651.0,2622.19,2635.34,165106.68,435216885.4784
2025-05-28 08:00:00+00:00,2635.34,2657.9,2607.25,2656.05,264413.12,696212903.6707
2025-05-28 12:00:00+00:00,2656.05,2688.27,2612.28,2626.18,631758.07,1672562337.3936
2025-05-28 16:00:00+00:00,2626.18,2664.1,2614.34,2616.18,332607.11,878360516.6109
2025-05-28 20:00:00+00:00,2616.18,2685.68,2609.0,2680.33,291974.05,773497608.2923
2025-05-29 00:00:00+00:00,2680.33,2788.82,2669.15,2761.82,702710.98,1917889560.7378
2025-05-29 04:00:00+00:00,2761.82,2766.53,2701.17,2730.26,399335.9,1089567626.7923
2025-05-29 08:00:00+00:00,2730.26,2744.88,2705.38,2714.82,300720.22,818935321.4884
2025-05-29 12:00:00+00:00,2714.82,2718.21,2620.21,2642.38,902683.97,2406398706.5532
2025-05-29 16:00:00+00:00,2642.38,2673.01,2626.91,2648.49,446751.21,1183742191.6328
2025-05-29 20:00:00+00:00,2648.49,2668.33,2616.2,2630.79,355874.36,941796275.5136
2025-05-30 00:00:00+00:00,2630.79,2644.71,2555.58,2629.99,691749.51,1799592919.7054
2025-05-30 04:00:00+00:00,2629.99,2648.84,2604.8,2617.3,426461.17,1120002371.6549
2025-05-30 08:00:00+00:00,2617.3,2627.5,2586.34,2621.05,328251.42,857286145.224
2025-05-30 12:00:00+00:00,2621.05,2625.54,2571.15,2596.3,642537.97,1667635361.9728
2025-05-30 16:00:00+00:00,2596.3,2602.9,2530.03,2573.56,703637.1,1799191345.9377
2025-05-30 20:00:00+00:00,2573.56,2588.99,2505.7,2530.11,517769.97,1316485857.4027
2025-05-31 00:00:00+00:00,2530.11,2539.41,2473.08,2512.98,506744.12,1268973882.6977
2025-05-31 04:00:00+00:00,2512.98,2525.8,2503.5,2520.16,138240.91,348079039.5752
2025-05-31 08:00:00+00:00,2520.16,2537.72,2506.65,2518.53,145834.35,367658474.5523
2025-05-31 12:00:00+00:00,2518.53,2549.43,2515.01,2534.89,275768.83,699372828.8008
2025-05-31 16:00:00+00:00,2534.89,2546.84,2521.21,2535.93,125633.57,318480196.5723
2025-05-31 20:00:00+00:00,2535.93,2551.71,2522.2,2526.79,156759.57,397660063.7021
2025-06-01 00:00:00+00:00,2526.79,2529.0,2490.15,2512.12,282890.62,709735688.535
2025-06-01 04:00:00+00:00,2512.12,2526.46,2504.09,2507.62,93134.06,234211373.0116
2025-06-01 08:00:00+00:00,2507.62,2509.6,2476.0,2496.28,199515.51,497411155.375
2025-06-01 12:00:00+00:00,2496.28,2524.29,2466.6,2522.29,306415.23,765623416.8878
2025-06-01 16:00:00+00:00,2522.29,2546.88,2490.45,2525.01,389038.8,981706300.73
2025-06-01 20:00:00+00:00,2525.01,2546.93,2518.0,2538.25,161082.96,408333619.0138
2025-06-02 00:00:00+00:00,2538.25,2541.1,2484.11,2494.94,242898.01,610498725.877
2025-06-02 04:00:00+00:00,2494.94,2512.86,2482.02,2505.68,206576.19,515647225.2611
2025-06-02 08:00:00+00:00,2505.68,2515.0,2473.29,2480.02,310284.33,771328415.3323
2025-06-02 12:00:00+00:00,2480.02,2556.61,2476.93,2543.78,540739.77,1361706481.1794
2025-06-02 16:00:00+00:00,2543.78,2565.57,2523.35,2531.02,350322.31,890854933.991
2025-06-02 20:00:00+00:00,2531.02,2614.59,2530.67,2606.95,376609.06,970307513.382
2025-06-03 00:00:00+00:00,2606.95,2649.84,2587.56,2602.33,501151.44,1313308355.0391
2025-06-03 04:00:00+00:00,2602.33,2619.99,2588.68,2608.73,171829.84,447738190.2572
2025-06-03 08:00:00+00:00,2608.73,2619.5,2593.28,2600.51,219632.63,572665731.6086
2025-06-03 12:00:00+00:00,2600.51,2655.0,2596.39,2622.67,554272.35,1456283125.3154
2025-06-03 16:00:00+00:00,2622.67,2627.71,2601.1,2623.62,271192.62,709264797.6385
2025-06-03 20:00:00+00:00,2623.62,2624.49,2575.04,2591.89,314687.63,818250245.428
2025-06-04 00:00:00+00:00,2591.89,2640.0,2581.78,2626.96,273786.73,715901318.3658
2025-06-04 04:00:00+00:00,2626.96,2643.94,2618.5,2626.44,193546.9,508755436.7361
2025-06-04 08:00:00+00:00,2626.44,2649.76,2622.61,2623.58,272902.58,719639573.3575
2025-06-04 12:00:00+00:00,2623.58,2679.0,2593.0,2666.67,796803.53,2097839128.5909
2025-06-04 16:00:00+00:00,2666.67,2667.99,2620.0,2622.31,403017.83,1064337049.6187
2025-06-04 20:00:00+00:00,2622.31,2624.06,2597.19,2606.7,335066.22,873982444.8041
2025-06-05 00:00:00+00:00,2606.7,2631.78,2600.03,2623.9,185248.5,484847360.2844
2025-06-05 04:00:00+00:00,2623.9,2633.79,2598.89,2602.63,292861.79,765230880.6228
2025-06-05 08:00:00+00:00,2602.63,2612.67,2578.64,2607.12,294313.25,764497340.6932
2025-06-05 12:00:00+00:00,2607.12,2640.95,2560.72,2588.16,920127.57,2392259836.2971
2025-06-05 16:00:00+00:00,2588.16,2590.62,2503.67,2527.5,921234.62,2350567349.7129
2025-06-05 20:00:00+00:00,2527.5,2534.19,2390.28,2413.12,1126714.19,2751676134.1413
2025-06-06 00:00:00+00:00,2413.12,2456.0,2380.41,2454.66,437109.55,1056765718.9574
2025-06-06 04:00:00+00:00,2454.66,2467.79,2445.47,2454.12,272861.06,670130978.6326
2025-06-06 08:00:00+00:00,2454.12,2493.86,2452.57,2475.24,285223.38,705850611.5649
2025-06-06 12:00:00+00:00,2475.24,2530.59,2463.49,2508.15,747293.66,1867919902.0179
2025-06-06 16:00:00+00:00,2508.15,2516.73,2481.77,2482.81,286720.34,715576299.6208
2025-06-06 20:00:00+00:00,2482.81,2505.9,2470.66,2475.14,186252.59,463142762.6945
2025-06-07 00:00:00+00:00,2475.14,2492.9,2455.43,2488.1,210951.93,521763931.4375
2025-06-07 04:00:00+00:00,2488.1,2501.0,2479.16,2489.9,158599.71,394833576.3963
2025-06-07 08:00:00+00:00,2489.9,2500.51,2480.76,2494.12,120684.31,300514249.3275
2025-06-07 12:00:00+00:00,2494.12,2523.0,2491.02,2518.48,227096.91,569577336.8832
2025-06-07 16:00:00+00:00,2518.48,2524.88,2505.26,2515.53,163005.01,409861073.6375
2025-06-07 20:00:00+00:00,2515.53,2544.91,2515.53,2523.34,182886.37,462375949.4885
2025-06-08 00:00:00+00:00,2523.34,2524.71,2506.22,2510.31,97183.85,244338566.6865
2025-06-08 04:00:00+00:00,2510.31,2518.77,2506.89,2513.51,67758.04,170247136.471
2025-06-08 08:00:00+00:00,2513.51,2520.93,2485.81,2512.19,223206.06,558794381.0038
2025-06-08 12:00:00+00:00,2512.19,2527.21,2498.71,2513.18,167797.81,421449574.4289
2025-06-08 16:00:00+00:00,2513.18,2539.37,2511.26,2531.16,168427.14,425645860.7375
2025-06-08 20:00:00+00:00,2531.16,2547.5,2498.81,2508.17,269723.6,679201923.0035
2025-06-09 00:00:00+00:00,2508.17,2510.85,2480.0,2495.43,231923.34,578650670.781
2025-06-09 04:00:00+00:00,2495.43,2495.87,2476.22,2490.89,132917.3,330319364.3777
2025-06-09 08:00:00+00:00,2490.89,2546.8,2483.29,2541.22,452890.47,1142870070.6083
2025-06-09 12:00:00+00:00,2541.22,2547.88,2508.48,2532.71,403991.74,1022543584.0722
2025-06-09 16:00:00+00:00,2532.71,2589.47,2532.51,2579.52,427697.94,1098032544.5884
2025-06-09 20:00:00+00:00,2579.52,2693.86,2574.69,2679.32,658479.63,1738100495.9334
2025-06-10 00:00:00+00:00,2679.32,2726.64,2673.88,2688.3,512751.9,1383408721.1808
2025-06-10 04:00:00+00:00,2688.3,2699.01,2653.0,2676.33,336558.62,900460167.8415
2025-06-10 08:00:00+00:00,2676.33,2799.73,2668.25,2773.47,702849.93,1924824465.0354
2025-06-10 12:00:00+00:00,2773.47,2778.93,2685.91,2732.0,810595.91,2220374114.3765
2025-06-10 16:00:00+00:00,2732.0,2806.65,2727.56,2773.03,552640.07,1524616725.1339
2025-06-10 20:00:00+00:00,2773.03,2826.37,2733.35,2815.44,553781.58,1541566351.3544
2025-06-11 00:00:00+00:00,2815.44,2834.4,2770.42,2790.1,345767.59,966408329.6865
2025-06-11 04:00:00+00:00,2790.1,2803.43,2778.54,2790.53,164231.16,458560394.4453
2025-06-11 08:00:00+00:00,2790.53,2792.93,2752.0,2771.41,265210.79,734400886.1595
2025-06-11 12:00:00+00:00,2771.41,2878.54,2762.68,2863.61,1281428.86,3610178130.1051
2025-06-11 16:00:00+00:00,2863.61,2875.0,2800.0,2812.1,725942.83,2056377261.4122
2025-06-11 20:00:00+00:00,2812.1,2830.2,2741.47,2770.34,571678.79,1589439930.7894
2025-06-12 00:00:00+00:00,2770.34,2783.81,2745.0,2763.8,325079.08,898598400.4857
2025-06-12 04:00:00+00:00,2763.8,2775.33,2731.08,2738.71,268102.34,738392300.8693
2025-06-12 08:00:00+00:00,2738.71,2761.33,2719.89,2727.99,374923.71,1027735589.5344
2025-06-12 12:00:00+00:00,2727.99,2772.01,2709.3,2718.6,717604.46,1968096417.4027
2025-06-12 16:00:00+00:00,2718.6,2769.89,2690.25,2693.2,601537.07,1643575313.8561
2025-06-12 20:00:00+00:00,2693.2,2702.0,2615.0,2640.94,776775.79,2061623847.2876
2025-06-13 00:00:00+00:00,2640.94,2644.42,2434.34,2512.85,1822296.86,4586983149.3474
2025-06-13 04:00:00+00:00,2512.85,2541.0,2489.62,2525.38,447607.0,1125332612.1715
2025-06-13 08:00:00+00:00,2525.38,2544.3,2505.01,2543.88,396173.7,999895780.829
2025-06-13 12:00:00+00:00,2543.88,2562.21,2502.45,2550.32,692241.12,1757467776.8001
2025-06-13 16:00:00+00:00,2550.32,2584.4,2508.27,2526.1,565861.78,1437075828.658
2025-06-13 20:00:00+00:00,2526.1,2582.51,2522.61,2578.12,204035.26,521622650.3868
2025-06-14 00:00:00+00:00,2578.12,2578.54,2545.44,2547.92,172851.76,442667834.6097
2025-06-14 04:00:00+00:00,2547.92,2555.69,2524.0,2535.89,194774.62,495318591.7071
2025-06-14 08:00:00+00:00,2535.89,2538.97,2516.5,2537.13,170236.69,430551566.216
2025-06-14 12:00:00+00:00,2537.13,2544.99,2503.33,2517.91,234806.92,592806281.3712
2025-06-14 16:00:00+00:00,2517.91,2524.62,2486.59,2506.35,397402.93,995582663.0899
2025-06-14 20:00:00+00:00,2506.35,2538.97,2495.4,2529.26,219985.01,553995048.5142
2025-06-15 00:00:00+00:00,2529.26,2539.9,2523.65,2529.3,98156.55,248531588.1842
2025-06-15 04:00:00+00:00,2529.3,2552.43,2520.77,2527.18,206229.83,523078998.4872
2025-06-15 08:00:00+00:00,2527.18,2528.79,2506.6,2514.89,168192.89,423234490.8117
2025-06-15 12:00:00+00:00,2514.89,2554.28,2514.46,2540.86,286758.97,727975139.5087
2025-06-15 16:00:00+00:00,2540.86,2559.79,2529.0,2535.71,199076.71,506471248.7305
2025-06-15 20:00:00+00:00,2535.71,2548.88,2490.14,2546.32,366586.9,923882064.7348
2025-06-16 00:00:00+00:00,2546.32,2577.98,2513.0,2567.14,380164.88,969846476.3094
2025-06-16 04:00:00+00:00,2567.14,2637.35,2565.5,2627.75,552340.12,1439315964.1318
2025-06-16 08:00:00+00:00,2627.75,2633.14,2591.02,2615.82,368496.84,963444628.6082
2025-06-16 12:00:00+00:00,2615.82,2657.12,2603.11,2630.8,578902.57,1523443404.7793
2025-06-16 16:00:00+00:00,2630.8,2669.34,2625.87,2658.75,366380.22,969533147.4017
2025-06-16 20:00:00+00:00,2658.75,2679.6,2533.74,2543.26,912852.19,2370350429.0841
2025-06-17 00:00:00+00:00,2543.26,2618.24,2522.75,2606.05,612675.14,1574782803.6702
2025-06-17 04:00:00+00:00,2606.05,2609.47,2568.7,2580.95,251654.22,650395745.0471
2025-06-17 08:00:00+00:00,2580.95,2584.16,2540.23,2551.13,330021.72,844682148.5608
2025-06-17 12:00:00+00:00,2551.13,2567.35,2480.56,2497.58,776676.47,1963811613.0087
2025-06-17 16:00:00+00:00,2497.58,2543.0,2452.04,2526.69,813910.43,2026551279.6611
2025-06-17 20:00:00+00:00,2526.69,2533.04,2490.63,2508.95,377630.35,949250933.6904
2025-06-18 00:00:00+00:00,2508.95,2536.39,2504.41,2526.8,218468.0,550914592.4827
2025-06-18 04:00:00+00:00,2526.8,2545.63,2516.44,2532.61,203061.88,513920702.3796
2025-06-18 08:00:00+00:00,2532.61,2547.64,2486.39,2512.65,377238.7,949005227.9795
2025-06-18 12:00:00+00:00,2512.65,2537.88,2464.0,2507.74,790088.25,1977623176.5182
2025-06-18 16:00:00+00:00,2507.74,2517.8,2465.23,2491.21,567718.12,1415020356.0102
2025-06-18 20:00:00+00:00,2491.21,2537.73,2481.29,2523.68,284645.25,717033279.2674
2025-06-19 00:00:00+00:00,2523.68,2546.15,2504.97,2524.61,224081.47,565211112.2595
2025-06-19 04:00:00+00:00,2524.61,2530.36,2512.93,2517.51,109565.38,276225366.4774
2025-06-19 08:00:00+00:00,2517.51,2544.37,2517.51,2530.46,181351.01,459336593.4793
2025-06-19 12:00:00+00:00,2530.46,2535.78,2488.1,2491.23,317563.86,796522127.5989
2025-06-19 16:00:00+00:00,2491.23,2522.17,2483.29,2503.3,303258.06,759910574.6878
2025-06-19 20:00:00+00:00,2503.3,2530.8,2501.4,2519.71,147893.56,372246049.5817
2025-06-20 00:00:00+00:00,2519.71,2530.23,2510.94,2516.23,99693.99,251359752.0252
2025-06-20 04:00:00+00:00,2516.23,2550.25,2501.51,2548.43,245525.71,620899827.0444
2025-06-20 08:00:00+00:00,2548.43,2568.89,2538.28,2548.4,342544.87,874720462.4164
2025-06-20 12:00:00+00:00,2548.4,2558.48,2485.33,2492.39,575991.75,1449116235.2811
2025-06-20 16:00:00+00:00,2492.39,2494.74,2363.95,2413.32,1035066.87,2510405016.6521
2025-06-20 20:00:00+00:00,2413.32,2436.99,2380.03,2405.23,322974.6,778218831.6982
2025-06-21 00:00:00+00:00,2405.23,2431.41,2394.71,2424.29,149280.15,360944297.8281
2025-06-21 04:00:00+00:00,2424.29,2427.56,2417.36,2425.71,70885.97,171725598.1667
2025-06-21 08:00:00+00:00,2425.71,2447.65,2421.75,2441.34,181828.07,443226632.1817
2025-06-21 12:00:00+00:00,2441.34,2444.0,2410.8,2422.24,255454.94,619185573.9168
2025-06-21 16:00:00+00:00,2422.24,2426.99,2380.49,2383.47,283295.97,679885128.4363
2025-06-21 20:00:00+00:00,2383.47,2408.38,2213.42,2295.0,1320058.97,3023630355.4082
2025-06-22 00:00:00+00:00,2295.0,2313.2,2244.19,2263.58,676190.11,1540368553.8136
2025-06-22 04:00:00+00:00,2263.58,2298.27,2260.5,2269.43,231247.12,527623589.7677
2025-06-22 08:00:00+00:00,2269.43,2279.22,2235.17,2272.03,357187.73,807052647.6572
2025-06-22 12:00:00+00:00,2272.03,2286.54,2154.63,2173.92,1306760.03,2877844994.4285
2025-06-22 16:00:00+00:00,2173.92,2219.74,2169.12,2182.95,416197.93,910708963.4038
2025-06-22 20:00:00+00:00,2182.95,2236.6,2110.35,2226.68,855512.06,1859263642.4743
2025-06-23 00:00:00+00:00,2226.68,2259.28,2220.81,2233.95,258174.28,577759961.1318
2025-06-23 04:00:00+00:00,2233.95,2274.62,2226.33,2257.86,300803.76,676593798.0441
2025-06-23 08:00:00+00:00,2257.86,2273.61,2237.33,2251.91,243078.34,547301810.8838
2025-06-23 12:00:00+00:00,2251.91,2312.62,2231.12,2247.34,805113.39,1832779973.2256
2025-06-23 16:00:00+00:00,2247.34,2324.99,2186.8,2311.56,1255508.97,2835316083.8489
2025-06-23 20:00:00+00:00,2311.56,2438.72,2302.31,2410.11,1124999.63,2679640662.418
2025-06-24 00:00:00+00:00,2410.11,2416.38,2386.69,2397.61,354524.62,851145045.406
2025-06-24 04:00:00+00:00,2397.61,2433.86,2389.5,2391.91,359753.16,866969037.867
2025-06-24 08:00:00+00:00,2391.91,2448.8,2375.1,2408.48,618330.51,1487532036.0778
2025-06-24 12:00:00+00:00,2408.48,2453.47,2401.69,2437.09,506297.02,1228489451.5959
2025-06-24 16:00:00+00:00,2437.09,2481.86,2414.34,2432.5,573857.57,1406267103.9032
2025-06-24 20:00:00+00:00,2432.5,2449.18,2428.52,2447.28,151412.39,369310648.735
2025-06-25 00:00:00+00:00,2447.28,2468.15,2435.19,2443.0,185497.2,455007193.9939
2025-06-25 04:00:00+00:00,2443.0,2449.59,2422.74,2443.44,170541.64,415532194.9722
2025-06-25 08:00:00+00:00,2443.44,2447.33,2405.82,2427.75,351801.23,853210164.1408
2025-06-25 12:00:00+00:00,2427.75,2445.88,2385.46,2404.37,671825.39,1624549170.2411
2025-06-25 16:00:00+00:00,2404.37,2438.8,2399.51,2431.41,318360.87,770479615.5225
2025-06-25 20:00:00+00:00,2431.41,2453.76,2406.25,2417.17,237875.79,577458679.1092
2025-06-26 00:00:00+00:00,2417.17,2520.0,2415.79,2487.75,479536.77,1186225872.8731
2025-06-26 04:00:00+00:00,2487.75,2499.34,2465.83,2488.57,214039.81,531326413.6316
2025-06-26 08:00:00+00:00,2488.57,2500.0,2436.33,2449.0,293688.49,723631531.2706
2025-06-26 12:00:00+00:00,2449.0,2459.94,2408.0,2432.33,663126.84,1613129645.5266
2025-06-26 16:00:00+00:00,2432.33,2442.79,2416.42,2434.86,227521.73,552405185.4396
2025-06-26 20:00:00+00:00,2434.86,2456.88,2392.11,2414.5,368832.87,893763123.2726
2025-06-27 00:00:00+00:00,2414.5,2447.55,2380.53,2445.69,244588.29,591091899.315
2025-06-27 04:00:00+00:00,2445.69,2458.98,2433.65,2440.79,202108.74,493894186.8942
2025-06-27 08:00:00+00:00,2440.79,2462.33,2434.08,2446.09,225494.08,552236482.2847
2025-06-27 12:00:00+00:00,2446.09,2455.64,2411.87,2437.19,400824.28,973898065.642
2025-06-27 16:00:00+00:00,2437.19,2448.82,2386.62,2411.87,471670.82,1136218372.6581
2025-06-27 20:00:00+00:00,2411.87,2429.69,2410.16,2422.11,168474.55,407868243.2954
2025-06-28 00:00:00+00:00,2422.11,2422.9,2403.84,2419.69,82289.3,198786536.7608
2025-06-28 04:00:00+00:00,2419.69,2433.56,2416.28,2430.81,76561.22,185586398.4144
2025-06-28 08:00:00+00:00,2430.81,2431.43,2418.4,2426.37,79259.45,192173177.0449
2025-06-28 12:00:00+00:00,2426.37,2442.15,2418.76,2435.13,81426.8,197653571.111
2025-06-28 16:00:00+00:00,2435.13,2446.96,2430.29,2432.41,128896.22,314119654.777
2025-06-28 20:00:00+00:00,2432.41,2441.24,2426.27,2434.79,99934.89,243298936.6606
2025-06-29 00:00:00+00:00,2434.79,2441.96,2423.0,2426.8,94442.82,229702060.4886
2025-06-29 04:00:00+00:00,2426.8,2439.63,2425.34,2439.63,48647.55,118359647.6318
2025-06-29 08:00:00+00:00,2439.63,2463.47,2437.2,2461.05,208319.6,510536239.7428
2025-06-29 12:00:00+00:00,2461.05,2462.53,2432.1,2435.68,192073.85,469670841.3233
2025-06-29 16:00:00+00:00,2435.68,2441.73,2428.0,2436.9,131837.81,321139333.0528
2025-06-29 20:00:00+00:00,2436.9,2524.94,2410.1,2499.27,559761.02,1384534695.6318
2025-06-30 00:00:00+00:00,2499.27,2523.9,2494.3,2498.64,261007.8,654893190.8825
2025-06-30 04:00:00+00:00,2498.64,2504.8,2454.29,2479.34,311261.72,772255218.498
2025-06-30 08:00:00+00:00,2479.34,2486.18,2445.3,2457.01,256773.4,631767842.5321
2025-06-30 12:00:00+00:00,2457.01,2487.89,2431.99,2473.33,531881.97,1307407339.8774
2025-06-30 16:00:00+00:00,2473.33,2517.75,2459.53,2514.91,418952.48,1042160669.4563
2025-06-30 20:00:00+00:00,2514.91,2521.69,2481.31,2484.0,243640.35,608812893.1143
2025-07-01 00:00:00+00:00,2484.0,2499.44,2475.79,2484.29,157241.94,391163004.8655
2025-07-01 04:00:00+00:00,2484.29,2484.68,2443.18,2463.79,271697.95,668547954.0769
2025-07-01 08:00:00+00:00,2463.79,2463.79,2440.44,2448.19,201546.05,494236272.0857
2025-07-01 12:00:00+00:00,2448.19,2455.53,2405.04,2422.42,525370.19,1277244155.3548
2025-07-01 16:00:00+00:00,2422.42,2433.35,2395.79,2401.5,248322.99,600082594.3425
2025-07-01 20:00:00+00:00,2401.5,2417.55,2383.52,2403.47,240771.15,578246675.4429
2025-07-02 00:00:00+00:00,2403.47,2431.31,2371.42,2429.26,241090.36,579683201.9294
2025-07-02 04:00:00+00:00,2429.26,2453.55,2424.18,2445.87,211198.52,515608126.5264
2025-07-02 08:00:00+00:00,2445.87,2460.07,2440.16,2444.66,198066.75,485180784.015
2025-07-02 12:00:00+00:00,2444.66,2502.63,2430.57,2497.73,521775.53,1288242185.6923
2025-07-02 16:00:00+00:00,2497.73,2607.05,2493.73,2603.64,950836.89,2432841334.3748
2025-07-02 20:00:00+00:00,2603.64,2619.11,2568.28,2569.72,371930.03,964591470.315
2025-07-03 00:00:00+00:00,2569.72,2587.24,2555.03,2560.22,215855.4,554695367.8179
2025-07-03 04:00:00+00:00,2560.22,2601.65,2557.99,2587.32,147437.01,380466104.4558
